transcript_id,media_start,media_end,gloss,speaker_role,language,corpus_name,Language_name,Language_Family,Language_Genus,target_child_age,caregiver,target_child_id,contingent,chunk_index,num_tokens
2109,3922.632,3922.84,n,Target_Child,tzh,Casillas,Tseltal,Mayan,Mayan,7,target_child,2109,0,1,1
2109,3923.487,3923.598,n,Target_Child,tzh,Casillas,Tseltal,Mayan,Mayan,7,target_child,2109,0,1,1
2109,3927.057,3927.677,aa,Mother,tzh,Casillas,Tseltal,Mayan,Mayan,7,caregiver,2109,0,1,1
2109,3928.364,3928.519,mm,Mother,tzh,Casillas,Tseltal,Mayan,Mayan,7,caregiver,2109,0,1,1
2109,3928.756,3930.506,n,Target_Child,tzh,Casillas,Tseltal,Mayan,Mayan,7,target_child,2109,0,1,1
2109,3931.124,3932.942,n,Target_Child,tzh,Casillas,Tseltal,Mayan,Mayan,7,target_child,2109,0,1,1
2109,3931.42,3933.158,laura ila' chu',Mother,tzh,Casillas,Tseltal,Mayan,Mayan,7,caregiver,2109,1,1,3
2109,3934.025,3934.186,aa,Mother,tzh,Casillas,Tseltal,Mayan,Mayan,7,caregiver,2109,0,1,1
2109,3974.072,3974.301,n,Target_Child,tzh,Casillas,Tseltal,Mayan,Mayan,7,target_child,2109,0,1,1
2109,4003.898,4006.689,n,Target_Child,tzh,Casillas,Tseltal,Mayan,Mayan,7,target_child,2109,0,1,1
2109,4008.676,4011.073,n,Target_Child,tzh,Casillas,Tseltal,Mayan,Mayan,7,target_child,2109,0,1,1
2109,4012.115,4013.67,n,Target_Child,tzh,Casillas,Tseltal,Mayan,Mayan,7,target_child,2109,0,1,1
2109,4016.084,4016.443,n,Target_Child,tzh,Casillas,Tseltal,Mayan,Mayan,7,target_child,2109,0,1,1
2109,4017.143,4017.873,n,Target_Child,tzh,Casillas,Tseltal,Mayan,Mayan,7,target_child,2109,0,1,1
2109,4021.649,4022.302,bii pas i,Mother,tzh,Casillas,Tseltal,Mayan,Mayan,7,caregiver,2109,0,1,3
2109,4026.782,4028.357,n,Target_Child,tzh,Casillas,Tseltal,Mayan,Mayan,7,target_child,2109,0,1,1
2109,4028.728,4029.925,ya xwayat wayani i,Mother,tzh,Casillas,Tseltal,Mayan,Mayan,7,caregiver,2109,1,1,4
2109,4030.674,4030.807,la',Mother,tzh,Casillas,Tseltal,Mayan,Mayan,7,caregiver,2109,0,1,1
2109,4031.923,4032.48,wayanixmea i,Mother,tzh,Casillas,Tseltal,Mayan,Mayan,7,caregiver,2109,0,1,2
2109,4035.393,4037.145,wayan alal,Mother,tzh,Casillas,Tseltal,Mayan,Mayan,7,caregiver,2109,0,1,2
2109,4037.264,4039.04,wayan alal xi,Mother,tzh,Casillas,Tseltal,Mayan,Mayan,7,caregiver,2109,0,1,3
2109,4083.154,4083.334,n,Target_Child,tzh,Casillas,Tseltal,Mayan,Mayan,7,target_child,2109,0,1,1
2109,4085.837,4086.114,n,Target_Child,tzh,Casillas,Tseltal,Mayan,Mayan,7,target_child,2109,0,1,1
2109,4094.048,4094.481,ajk'otajan,Mother,tzh,Casillas,Tseltal,Mayan,Mayan,7,caregiver,2109,0,1,2
2109,4095.542,4095.903,ajk'otajan,Mother,tzh,Casillas,Tseltal,Mayan,Mayan,7,caregiver,2109,0,1,2
2109,4096.195,4098.279,xi,Mother,tzh,Casillas,Tseltal,Mayan,Mayan,7,caregiver,2109,0,1,1
2109,4098.584,4098.812,pasa i,Mother,tzh,Casillas,Tseltal,Mayan,Mayan,7,caregiver,2109,0,1,2
2109,4099.241,4101.205,xi,Mother,tzh,Casillas,Tseltal,Mayan,Mayan,7,caregiver,2109,0,1,1
2109,4102.388,4102.896,pasa i,Mother,tzh,Casillas,Tseltal,Mayan,Mayan,7,caregiver,2109,0,1,2
2109,4104.43,4104.798,pasa,Mother,tzh,Casillas,Tseltal,Mayan,Mayan,7,caregiver,2109,0,1,1
2109,4105.403,4108.243,xi jichini,Mother,tzh,Casillas,Tseltal,Mayan,Mayan,7,caregiver,2109,0,1,2
2109,4116.734,4118.504,<pasa ek'i>,Mother,tzh,Casillas,Tseltal,Mayan,Mayan,7,caregiver,2109,0,1,3
2109,4118.982,4119.368,jae,Mother,tzh,Casillas,Tseltal,Mayan,Mayan,7,caregiver,2109,0,1,1
2109,4120.307,4121.35,0,Mother,tzh,Casillas,Tseltal,Mayan,Mayan,7,caregiver,2109,0,1,1
2109,4122.688,4124.307,0,Mother,tzh,Casillas,Tseltal,Mayan,Mayan,7,caregiver,2109,0,1,1
2109,4123.414,4123.821,n,Target_Child,tzh,Casillas,Tseltal,Mayan,Mayan,7,target_child,2109,0,1,1
2109,4124.416,4125.262,jmm xi,Mother,tzh,Casillas,Tseltal,Mayan,Mayan,7,caregiver,2109,1,1,2
2109,4127.99,4129.054,t'uchlan t'uch xi,Mother,tzh,Casillas,Tseltal,Mayan,Mayan,7,caregiver,2109,0,1,5
2109,4129.564,4130.81,t'uch,Mother,tzh,Casillas,Tseltal,Mayan,Mayan,7,caregiver,2109,0,1,2
2109,4132.669,4133.09,t'uch xi,Mother,tzh,Casillas,Tseltal,Mayan,Mayan,7,caregiver,2109,0,1,3
2109,4133.496,4134.249,ich'ame a wip i,Mother,tzh,Casillas,Tseltal,Mayan,Mayan,7,caregiver,2109,0,1,5
2109,4134.536,4136.188,t'uch i,Mother,tzh,Casillas,Tseltal,Mayan,Mayan,7,caregiver,2109,0,1,3
2109,4137.008,4137.831,t'u xajat i,Mother,tzh,Casillas,Tseltal,Mayan,Mayan,7,caregiver,2109,0,1,4
2109,4138.147,4138.789,pasa eki,Mother,tzh,Casillas,Tseltal,Mayan,Mayan,7,caregiver,2109,0,1,2
2109,4139.829,4140.305,t'uch i,Mother,tzh,Casillas,Tseltal,Mayan,Mayan,7,caregiver,2109,0,1,3
2109,4140.175,4140.59,n,Target_Child,tzh,Casillas,Tseltal,Mayan,Mayan,7,target_child,2109,0,1,1
2109,4140.732,4142.039,t'uch,Mother,tzh,Casillas,Tseltal,Mayan,Mayan,7,caregiver,2109,1,1,2
2109,4144.084,4145.275,t'uch i ich'a me a wip,Mother,tzh,Casillas,Tseltal,Mayan,Mayan,7,caregiver,2109,0,1,8
2109,4145.568,4147.204,t'uch ay !,Mother,tzh,Casillas,Tseltal,Mayan,Mayan,7,caregiver,2109,0,1,3
2109,4153.535,4154.707,t'uch,Mother,tzh,Casillas,Tseltal,Mayan,Mayan,7,caregiver,2109,0,1,2
2109,4158.246,4159.437,n,Target_Child,tzh,Casillas,Tseltal,Mayan,Mayan,7,target_child,2109,0,1,1
2109,4160.525,4161.621,0,Mother,tzh,Casillas,Tseltal,Mayan,Mayan,7,caregiver,2109,1,1,1
2109,4162.961,4164.367,n,Target_Child,tzh,Casillas,Tseltal,Mayan,Mayan,7,target_child,2109,0,1,1
2109,4165.939,4167.345,n,Target_Child,tzh,Casillas,Tseltal,Mayan,Mayan,7,target_child,2109,0,1,1
2109,4168.274,4170.998,n,Target_Child,tzh,Casillas,Tseltal,Mayan,Mayan,7,target_child,2109,0,1,1
2109,4172.003,4172.558,n,Target_Child,tzh,Casillas,Tseltal,Mayan,Mayan,7,target_child,2109,0,1,1
2109,4173.447,4173.687,n,Target_Child,tzh,Casillas,Tseltal,Mayan,Mayan,7,target_child,2109,0,1,1
2109,4181.718,4183.398,pasa ek'i ajk'otajan i,Mother,tzh,Casillas,Tseltal,Mayan,Mayan,7,caregiver,2109,0,1,6
2109,4184.903,4185.702,ajk'otajan a tukel,Mother,tzh,Casillas,Tseltal,Mayan,Mayan,7,caregiver,2109,0,1,4
2109,4186.933,4191.428,xi,Mother,tzh,Casillas,Tseltal,Mayan,Mayan,7,caregiver,2109,0,1,1
2109,4195.203,4196.464,n,Target_Child,tzh,Casillas,Tseltal,Mayan,Mayan,7,target_child,2109,0,1,1
2109,4197.15,4199.079,bii ek'a te jononetate,Mother,tzh,Casillas,Tseltal,Mayan,Mayan,7,caregiver,2109,1,1,5
2109,31618.712,31618.812,c,Target_Child,tzh,Casillas,Tseltal,Mayan,Mayan,7,target_child,2109,0,2,1
2109,31619.634,31620.024,c,Target_Child,tzh,Casillas,Tseltal,Mayan,Mayan,7,target_child,2109,0,2,1
2109,31620.172,31620.8,sit,Mother,tzh,Casillas,Tseltal,Mayan,Mayan,7,caregiver,2109,1,2,1
2109,31623.021,31623.498,0,Mother,tzh,Casillas,Tseltal,Mayan,Mayan,7,caregiver,2109,0,2,1
2109,31624.65,31625.682,n,Target_Child,tzh,Casillas,Tseltal,Mayan,Mayan,7,target_child,2109,0,2,1
2109,31650.188,31651.046,n,Target_Child,tzh,Casillas,Tseltal,Mayan,Mayan,7,target_child,2109,0,2,1
2109,31651.462,31652.518,c,Target_Child,tzh,Casillas,Tseltal,Mayan,Mayan,7,target_child,2109,0,2,1
2109,31653.038,31654.456,c,Target_Child,tzh,Casillas,Tseltal,Mayan,Mayan,7,target_child,2109,0,2,1
2109,31660.468,31660.6,c,Target_Child,tzh,Casillas,Tseltal,Mayan,Mayan,7,target_child,2109,0,2,1
2109,31660.68,31660.968,ju'uk,Mother,tzh,Casillas,Tseltal,Mayan,Mayan,7,caregiver,2109,1,2,2
2109,31662.128,31662.376,c,Target_Child,tzh,Casillas,Tseltal,Mayan,Mayan,7,target_child,2109,0,2,1
2109,31664.875,31665.194,jo'o,Mother,tzh,Casillas,Tseltal,Mayan,Mayan,7,caregiver,2109,1,2,2
2109,31666.3,31666.724,ma stak',Mother,tzh,Casillas,Tseltal,Mayan,Mayan,7,caregiver,2109,0,2,2
2109,31668.568,31668.788,c,Target_Child,tzh,Casillas,Tseltal,Mayan,Mayan,7,target_child,2109,0,2,1
2109,31669.13,31669.864,lubenik jk'ab,Mother,tzh,Casillas,Tseltal,Mayan,Mayan,7,caregiver,2109,1,2,3
2109,31670.3,31670.76,lubenik,Mother,tzh,Casillas,Tseltal,Mayan,Mayan,7,caregiver,2109,0,2,1
2109,31687.83,31688.056,n,Target_Child,tzh,Casillas,Tseltal,Mayan,Mayan,7,target_child,2109,0,2,1
2109,31688.664,31689.276,c,Target_Child,tzh,Casillas,Tseltal,Mayan,Mayan,7,target_child,2109,0,2,1
2109,31691.432,31692.744,n,Target_Child,tzh,Casillas,Tseltal,Mayan,Mayan,7,target_child,2109,0,2,1
2109,31694.878,31695.724,c,Target_Child,tzh,Casillas,Tseltal,Mayan,Mayan,7,target_child,2109,0,2,1
2109,31696.239,31697.176,c,Target_Child,tzh,Casillas,Tseltal,Mayan,Mayan,7,target_child,2109,0,2,1
2109,31701.46,31701.812,aa,Mother,tzh,Casillas,Tseltal,Mayan,Mayan,7,caregiver,2109,0,2,1
2109,31702.906,31704.34,n,Target_Child,tzh,Casillas,Tseltal,Mayan,Mayan,7,target_child,2109,0,2,1
2109,31708.788,31708.934,c,Target_Child,tzh,Casillas,Tseltal,Mayan,Mayan,7,target_child,2109,0,2,1
2109,31709.828,31710.876,n,Target_Child,tzh,Casillas,Tseltal,Mayan,Mayan,7,target_child,2109,0,2,1
2109,31718.788,31720.268,sit,Mother,tzh,Casillas,Tseltal,Mayan,Mayan,7,caregiver,2109,0,2,1
2109,31720.416,31721.039,n,Target_Child,tzh,Casillas,Tseltal,Mayan,Mayan,7,target_child,2109,0,2,1
2109,31721.602,31722.524,n,Target_Child,tzh,Casillas,Tseltal,Mayan,Mayan,7,target_child,2109,0,2,1
2109,31725.816,31728.88,sit,Mother,tzh,Casillas,Tseltal,Mayan,Mayan,7,caregiver,2109,0,2,1
2109,31727.932,31729.516,n,Target_Child,tzh,Casillas,Tseltal,Mayan,Mayan,7,target_child,2109,0,2,1
2109,31730.346,31730.632,0,Mother,tzh,Casillas,Tseltal,Mayan,Mayan,7,caregiver,2109,1,2,1
2109,31734.816,31737.104,xit,Mother,tzh,Casillas,Tseltal,Mayan,Mayan,7,caregiver,2109,0,2,1
2109,31739.268,31741.304,po !,Mother,tzh,Casillas,Tseltal,Mayan,Mayan,7,caregiver,2109,0,2,1
2109,31745.27,31747.341,po !,Mother,tzh,Casillas,Tseltal,Mayan,Mayan,7,caregiver,2109,0,2,1
2109,31747.75,31747.936,0,Mother,tzh,Casillas,Tseltal,Mayan,Mayan,7,caregiver,2109,0,2,1
2109,31748.718,31749.318,n,Target_Child,tzh,Casillas,Tseltal,Mayan,Mayan,7,target_child,2109,0,2,1
2109,31751.168,31751.65,c,Target_Child,tzh,Casillas,Tseltal,Mayan,Mayan,7,target_child,2109,0,2,1
2109,31797.312,31799.656,n,Target_Child,tzh,Casillas,Tseltal,Mayan,Mayan,7,target_child,2109,0,2,1
2109,31823.77,31823.934,c,Target_Child,tzh,Casillas,Tseltal,Mayan,Mayan,7,target_child,2109,0,2,1
2109,31827.976,31828.62,c,Target_Child,tzh,Casillas,Tseltal,Mayan,Mayan,7,target_child,2109,0,2,1
2109,31830.326,31830.384,n,Target_Child,tzh,Casillas,Tseltal,Mayan,Mayan,7,target_child,2109,0,2,1
2109,31831.96,31832.078,n,Target_Child,tzh,Casillas,Tseltal,Mayan,Mayan,7,target_child,2109,0,2,1
2109,31880.116,31880.406,c,Target_Child,tzh,Casillas,Tseltal,Mayan,Mayan,7,target_child,2109,0,2,1
2109,31902.262,31902.518,c,Target_Child,tzh,Casillas,Tseltal,Mayan,Mayan,7,target_child,2109,0,2,1
2625,12240.151,12240.459,<yos>,Mother,tzh,Casillas,Tseltal,Mayan,Mayan,32,caregiver,2625,0,1,1
2625,12240.818,12241.049,c,Target_Child,tzh,Casillas,Tseltal,Mayan,Mayan,32,target_child,2625,0,1,1
2625,12241.256,12243.757,ma yakuk kilati yakalat yixlaneli ya xtal julat ya'tik,Mother,tzh,Casillas,Tseltal,Mayan,Mayan,32,caregiver,2625,1,1,10
2625,12245.041,12246.09,c,Target_Child,tzh,Casillas,Tseltal,Mayan,Mayan,32,target_child,2625,0,1,1
2625,12249.548,12251.949,ma xawixlan ts'usa ja' ts'i yaxlok'ix tal yik' awu'un nak'ai,Mother,tzh,Casillas,Tseltal,Mayan,Mayan,32,caregiver,2625,0,1,15
2625,12253.456,12254.858,ya ak'an ya xtal julati ya xtal awixlanlai,Mother,tzh,Casillas,Tseltal,Mayan,Mayan,32,caregiver,2625,0,1,9
2625,12259.235,12260.974,aye ch'i chajp to yik' ak'ab akay ai,Mother,tzh,Casillas,Tseltal,Mayan,Mayan,32,caregiver,2625,0,1,10
2625,12270.619,12271.66,ila xan i akamarai <yo>,Mother,tzh,Casillas,Tseltal,Mayan,Mayan,32,caregiver,2625,0,1,5
2625,12272.316,12272.761,c,Target_Child,tzh,Casillas,Tseltal,Mayan,Mayan,32,target_child,2625,0,1,1
2625,12272.66,12273.561,ya akuch xan,Mother,tzh,Casillas,Tseltal,Mayan,Mayan,32,caregiver,2625,1,1,3
2625,12274.264,12275.471,c,Target_Child,tzh,Casillas,Tseltal,Mayan,Mayan,32,target_child,2625,0,1,1
2625,12275.854,12276.844,ja' nax,Mother,tzh,Casillas,Tseltal,Mayan,Mayan,32,caregiver,2625,1,1,2
2625,12278.055,12278.911,c,Target_Child,tzh,Casillas,Tseltal,Mayan,Mayan,32,target_child,2625,0,1,1
2625,12279.007,12279.597,ya jk'e,Mother,tzh,Casillas,Tseltal,Mayan,Mayan,32,caregiver,2625,1,1,3
2625,12282.798,12283.207,c,Target_Child,tzh,Casillas,Tseltal,Mayan,Mayan,32,target_child,2625,0,1,1
2625,12283.513,12284.405,kucha xan i kamarae,Mother,tzh,Casillas,Tseltal,Mayan,Mayan,32,caregiver,2625,1,1,4
2625,12285.585,12285.789,c,Target_Child,tzh,Casillas,Tseltal,Mayan,Mayan,32,target_child,2625,0,1,1
2625,12285.978,12286.809,kucha xan i,Mother,tzh,Casillas,Tseltal,Mayan,Mayan,32,caregiver,2625,1,1,3
2625,12287.906,12288.69,c,Target_Child,tzh,Casillas,Tseltal,Mayan,Mayan,32,target_child,2625,0,1,1
2625,12289.108,12289.693,sale,Mother,tzh,Casillas,Tseltal,Mayan,Mayan,32,caregiver,2625,1,1,1
2625,12291.681,12294.905,mame xawixlan i ya me tame ma xak'ane li' xtal alok'es xan ya'tik i,Mother,tzh,Casillas,Tseltal,Mayan,Mayan,32,caregiver,2625,0,1,17
2625,12297.25,12298.943,ay to me sk'an sts'aka yorail,Mother,tzh,Casillas,Tseltal,Mayan,Mayan,32,caregiver,2625,0,1,8
2625,12299.124,12299.341,c,Target_Child,tzh,Casillas,Tseltal,Mayan,Mayan,32,target_child,2625,0,1,1
2625,12307.485,12307.879,c,Target_Child,tzh,Casillas,Tseltal,Mayan,Mayan,32,target_child,2625,0,1,1
2625,12308.241,12309.151,c,Target_Child,tzh,Casillas,Tseltal,Mayan,Mayan,32,target_child,2625,0,1,1
2625,12309.57,12311.25,"ya awuch' leche, ya awuch'",Mother,tzh,Casillas,Tseltal,Mayan,Mayan,32,caregiver,2625,1,1,5
2625,12311.953,12313.156,pajchana me i,Mother,tzh,Casillas,Tseltal,Mayan,Mayan,32,caregiver,2625,0,1,3
2625,12315.203,12317.457,c,Target_Child,tzh,Casillas,Tseltal,Mayan,Mayan,32,target_child,2625,0,1,1
2625,12317.516,12318.5,mach'a ay yu'unik ek,Mother,tzh,Casillas,Tseltal,Mayan,Mayan,32,caregiver,2625,1,1,6
2625,12319.671,12320.439,ay yu'unik ek,Mother,tzh,Casillas,Tseltal,Mayan,Mayan,32,caregiver,2625,0,1,4
2625,12320.916,12321.39,c,Target_Child,tzh,Casillas,Tseltal,Mayan,Mayan,32,target_child,2625,0,1,1
2625,12322.176,12322.459,c,Target_Child,tzh,Casillas,Tseltal,Mayan,Mayan,32,target_child,2625,0,1,1
2625,12329.116,12329.844,ja' ya ak'anbeni ku'uni,Mother,tzh,Casillas,Tseltal,Mayan,Mayan,32,caregiver,2625,0,1,6
2625,12336.469,12337.001,c,Target_Child,tzh,Casillas,Tseltal,Mayan,Mayan,32,target_child,2625,0,1,1
2625,12359.701,12360.702,ma xmoat te a mene,Mother,tzh,Casillas,Tseltal,Mayan,Mayan,32,caregiver,2625,0,1,5
2625,12387.085,12388.159,c,Target_Child,tzh,Casillas,Tseltal,Mayan,Mayan,32,target_child,2625,0,1,1
2625,12392.176,12392.648,ba tsakai,Mother,tzh,Casillas,Tseltal,Mayan,Mayan,32,caregiver,2625,0,1,2
2625,12394.154,12394.895,te ay ine,Mother,tzh,Casillas,Tseltal,Mayan,Mayan,32,caregiver,2625,0,1,3
2625,12397.262,12398.867,"ay te p'ekel ta mesae, otsesai",Mother,tzh,Casillas,Tseltal,Mayan,Mayan,32,caregiver,2625,0,1,7
2625,12402.8,12403.22,jmm,Mother,tzh,Casillas,Tseltal,Mayan,Mayan,32,caregiver,2625,0,1,1
2625,12431.414,12431.661,c,Target_Child,tzh,Casillas,Tseltal,Mayan,Mayan,32,target_child,2625,0,1,1
2625,16424.473,16425.717,mame atij,Mother,tzh,Casillas,Tseltal,Mayan,Mayan,32,caregiver,2625,0,2,2
2625,16462.848,16463.502,yak'ojat tal ame',Mother,tzh,Casillas,Tseltal,Mayan,Mayan,32,caregiver,2625,0,2,4
2625,16464.244,16464.654,c,Target_Child,tzh,Casillas,Tseltal,Mayan,Mayan,32,target_child,2625,0,2,1
2625,16470.65,16471.247,k'eja aba,Mother,tzh,Casillas,Tseltal,Mayan,Mayan,32,caregiver,2625,0,2,3
2625,16471.736,16472.175,c,Target_Child,tzh,Casillas,Tseltal,Mayan,Mayan,32,target_child,2625,0,2,1
2625,16473.401,16473.786,c,Target_Child,tzh,Casillas,Tseltal,Mayan,Mayan,32,target_child,2625,0,2,1
2625,16508.072,16508.405,c,Target_Child,tzh,Casillas,Tseltal,Mayan,Mayan,32,target_child,2625,0,2,1
2625,16509.975,16510.501,c,Target_Child,tzh,Casillas,Tseltal,Mayan,Mayan,32,target_child,2625,0,2,1
2625,16510.077,16510.738,mame amal,Mother,tzh,Casillas,Tseltal,Mayan,Mayan,32,caregiver,2625,1,2,2
2625,16511.629,16512.437,c,Target_Child,tzh,Casillas,Tseltal,Mayan,Mayan,32,target_child,2625,0,2,1
2625,16541.494,16542.398,mame xamalbel ts'i,Mother,tzh,Casillas,Tseltal,Mayan,Mayan,32,caregiver,2625,0,2,4
2625,16551.972,16552.488,c,Target_Child,tzh,Casillas,Tseltal,Mayan,Mayan,32,target_child,2625,0,2,1
2625,16561.896,16562.261,c,Target_Child,tzh,Casillas,Tseltal,Mayan,Mayan,32,target_child,2625,0,2,1
2625,16586.875,16587.368,c,Target_Child,tzh,Casillas,Tseltal,Mayan,Mayan,32,target_child,2625,0,2,1
2625,16589.464,16590.293,c,Target_Child,tzh,Casillas,Tseltal,Mayan,Mayan,32,target_child,2625,0,2,1
2625,16590.532,16591.05,c,Target_Child,tzh,Casillas,Tseltal,Mayan,Mayan,32,target_child,2625,0,2,1
2625,16593.537,16594.779,c,Target_Child,tzh,Casillas,Tseltal,Mayan,Mayan,32,target_child,2625,0,2,1
2625,16594.999,16595.706,c,Target_Child,tzh,Casillas,Tseltal,Mayan,Mayan,32,target_child,2625,0,2,1
2625,16597.401,16597.592,c,Target_Child,tzh,Casillas,Tseltal,Mayan,Mayan,32,target_child,2625,0,2,1
2625,16599.867,16600.099,c,Target_Child,tzh,Casillas,Tseltal,Mayan,Mayan,32,target_child,2625,0,2,1
2625,16601.605,16601.854,c,Target_Child,tzh,Casillas,Tseltal,Mayan,Mayan,32,target_child,2625,0,2,1
2625,16607.09,16609.192,n,Target_Child,tzh,Casillas,Tseltal,Mayan,Mayan,32,target_child,2625,0,2,1
2625,16613.399,16614.07,c,Target_Child,tzh,Casillas,Tseltal,Mayan,Mayan,32,target_child,2625,0,2,1
2625,16621.952,16622.743,c,Target_Child,tzh,Casillas,Tseltal,Mayan,Mayan,32,target_child,2625,0,2,1
2625,16624.713,16625.47,c,Target_Child,tzh,Casillas,Tseltal,Mayan,Mayan,32,target_child,2625,0,2,1
2625,16626.172,16626.662,c,Target_Child,tzh,Casillas,Tseltal,Mayan,Mayan,32,target_child,2625,0,2,1
2625,16629.161,16631.068,c,Target_Child,tzh,Casillas,Tseltal,Mayan,Mayan,32,target_child,2625,0,2,1
2625,16648.369,16648.94,c,Target_Child,tzh,Casillas,Tseltal,Mayan,Mayan,32,target_child,2625,0,2,1
2625,16651.389,16652.912,c,Target_Child,tzh,Casillas,Tseltal,Mayan,Mayan,32,target_child,2625,0,2,1
2625,16653.43,16653.643,c,Target_Child,tzh,Casillas,Tseltal,Mayan,Mayan,32,target_child,2625,0,2,1
2625,16655.452,16655.848,c,Target_Child,tzh,Casillas,Tseltal,Mayan,Mayan,32,target_child,2625,0,2,1
2625,16658.172,16659.145,c,Target_Child,tzh,Casillas,Tseltal,Mayan,Mayan,32,target_child,2625,0,2,1
2625,16659.273,16660.534,sujtestik ochel me jiche,Mother,tzh,Casillas,Tseltal,Mayan,Mayan,32,caregiver,2625,1,2,4
2625,16660.94,16661.659,c,Target_Child,tzh,Casillas,Tseltal,Mayan,Mayan,32,target_child,2625,0,2,1
2625,16674.532,16675.973,c,Target_Child,tzh,Casillas,Tseltal,Mayan,Mayan,32,target_child,2625,0,2,1
2625,16676.565,16677.52,c,Target_Child,tzh,Casillas,Tseltal,Mayan,Mayan,32,target_child,2625,0,2,1
2625,16678.269,16679.292,c,Target_Child,tzh,Casillas,Tseltal,Mayan,Mayan,32,target_child,2625,0,2,1
2625,16679.96,16680.855,c,Target_Child,tzh,Casillas,Tseltal,Mayan,Mayan,32,target_child,2625,0,2,1
2625,16681.627,16682.276,c,Target_Child,tzh,Casillas,Tseltal,Mayan,Mayan,32,target_child,2625,0,2,1
2625,16684.159,16684.482,c,Target_Child,tzh,Casillas,Tseltal,Mayan,Mayan,32,target_child,2625,0,2,1
2625,16697.065,16697.823,c,Target_Child,tzh,Casillas,Tseltal,Mayan,Mayan,32,target_child,2625,0,2,1
2625,16698.659,16699.091,jae,Mother,tzh,Casillas,Tseltal,Mayan,Mayan,32,caregiver,2625,1,2,1
2625,16699.091,16699.834,ya xti'awan,Mother,tzh,Casillas,Tseltal,Mayan,Mayan,32,caregiver,2625,0,2,3
2625,16699.184,16699.848,c,Target_Child,tzh,Casillas,Tseltal,Mayan,Mayan,32,target_child,2625,0,2,1
2625,16700.647,16700.897,c,Target_Child,tzh,Casillas,Tseltal,Mayan,Mayan,32,target_child,2625,0,2,1
2625,16700.787,16701.986,ya xti'awan,Mother,tzh,Casillas,Tseltal,Mayan,Mayan,32,caregiver,2625,1,2,3
2625,16703.024,16703.465,c,Target_Child,tzh,Casillas,Tseltal,Mayan,Mayan,32,target_child,2625,0,2,1
2625,16704.842,16705.456,xti'awan,Mother,tzh,Casillas,Tseltal,Mayan,Mayan,32,caregiver,2625,1,2,2
3026,29265.48,29266.178,c,Target_Child,tzh,Casillas,Tseltal,Mayan,Mayan,36,target_child,3026,0,1,1
3026,29267.296,29268.834,c,Target_Child,tzh,Casillas,Tseltal,Mayan,Mayan,36,target_child,3026,0,1,1
3026,29281.234,29282.746,c,Target_Child,tzh,Casillas,Tseltal,Mayan,Mayan,36,target_child,3026,0,1,1
3026,29283.914,29285.668,c,Target_Child,tzh,Casillas,Tseltal,Mayan,Mayan,36,target_child,3026,0,1,1
3026,29284.557,29287.683,jamame ime bii a bislune kerem,Mother,tzh,Casillas,Tseltal,Mayan,Mayan,36,caregiver,3026,1,1,6
3026,29288.048,29288.354,c,Target_Child,tzh,Casillas,Tseltal,Mayan,Mayan,36,target_child,3026,0,1,1
3026,29288.558,29289.409,jamame,Mother,tzh,Casillas,Tseltal,Mayan,Mayan,36,caregiver,3026,1,1,1
3026,29317.649,29318.792,bii k'abu kasil,Mother,tzh,Casillas,Tseltal,Mayan,Mayan,36,caregiver,3026,0,1,4
3026,29319.329,29320.006,bii,Mother,tzh,Casillas,Tseltal,Mayan,Mayan,36,caregiver,3026,0,1,1
3026,29348.952,29356.226,xs xs xs xs xs xs xs xs xs xs xs xs,Mother,tzh,Casillas,Tseltal,Mayan,Mayan,36,caregiver,3026,0,1,12
3026,29382.469,29384.142,jmm pasame a i dose,Mother,tzh,Casillas,Tseltal,Mayan,Mayan,36,caregiver,3026,0,1,5
3026,29389.847,29393.064,mame' lom jakatikuk i mame' x'ocha wu'un ya'tik a,Mother,tzh,Casillas,Tseltal,Mayan,Mayan,36,caregiver,3026,0,1,12
3026,29394.792,29396.449,c,Target_Child,tzh,Casillas,Tseltal,Mayan,Mayan,36,target_child,3026,0,1,1
3026,29396.727,29397.818,jay jima yich' i,Mother,tzh,Casillas,Tseltal,Mayan,Mayan,36,caregiver,3026,1,1,4
3026,29399.948,29400.41,c,Target_Child,tzh,Casillas,Tseltal,Mayan,Mayan,36,target_child,3026,0,1,1
3026,29400.966,29401.63,siete,Mother,tzh,Casillas,Tseltal,Mayan,Mayan,36,caregiver,3026,1,1,1
3026,29402.156,29403.026,c,Target_Child,tzh,Casillas,Tseltal,Mayan,Mayan,36,target_child,3026,0,1,1
3026,29403.406,29404.253,diecisiete,Mother,tzh,Casillas,Tseltal,Mayan,Mayan,36,caregiver,3026,1,1,1
3026,29405.004,29406.524,c,Target_Child,tzh,Casillas,Tseltal,Mayan,Mayan,36,target_child,3026,0,1,1
3026,29406.525,29409.181,ya towan xnel yu'un areli te diecisietetoe,Mother,tzh,Casillas,Tseltal,Mayan,Mayan,36,caregiver,3026,1,1,8
3026,29409.726,29409.888,c,Target_Child,tzh,Casillas,Tseltal,Mayan,Mayan,36,target_child,3026,0,1,1
3026,29410.22,29411.571,ya xlajix yu'un sok a,Mother,tzh,Casillas,Tseltal,Mayan,Mayan,36,caregiver,3026,1,1,6
3026,29412.93,29413.154,c,Target_Child,tzh,Casillas,Tseltal,Mayan,Mayan,36,target_child,3026,0,1,1
3026,29414.156,29418.319,ma chanjimuknax nujkul ya xla sok ts'imench'e,Mother,tzh,Casillas,Tseltal,Mayan,Mayan,36,caregiver,3026,1,1,9
3026,29436.506,29438.597,biiek'ame tenax ya sts'usilae,Mother,tzh,Casillas,Tseltal,Mayan,Mayan,36,caregiver,3026,0,1,6
3026,29439.896,29440.584,mam√°,Mother,tzh,Casillas,Tseltal,Mayan,Mayan,36,caregiver,3026,0,1,1
3026,29447.116,29448.181,ala nena,Mother,tzh,Casillas,Tseltal,Mayan,Mayan,36,caregiver,3026,0,1,2
3026,29449.59,29450.852,ala junax ila,Mother,tzh,Casillas,Tseltal,Mayan,Mayan,36,caregiver,3026,0,1,3
3026,29468.14,29470.297,dame la casita,Mother,tzh,Casillas,Tseltal,Mayan,Mayan,36,caregiver,3026,0,1,3
3026,29489.91,29492.572,k'axel jma sbolil soki k'a areli,Mother,tzh,Casillas,Tseltal,Mayan,Mayan,36,caregiver,3026,0,1,8
3026,29498.733,29500.423,bistukxan imen kalame,Mother,tzh,Casillas,Tseltal,Mayan,Mayan,36,caregiver,3026,0,1,3
3026,29501.935,29503,t'uxajat,Mother,tzh,Casillas,Tseltal,Mayan,Mayan,36,caregiver,3026,0,1,2
3026,29514.966,29515.696,c,Target_Child,tzh,Casillas,Tseltal,Mayan,Mayan,36,target_child,3026,0,1,1
3026,29517.395,29518.384,ja'ini,Mother,tzh,Casillas,Tseltal,Mayan,Mayan,36,caregiver,3026,1,1,2
3026,32401.338,32402.225,c,Target_Child,tzh,Casillas,Tseltal,Mayan,Mayan,36,target_child,3026,0,2,1
3026,32404.524,32405.144,c,Target_Child,tzh,Casillas,Tseltal,Mayan,Mayan,36,target_child,3026,0,2,1
3026,32407.538,32409.275,maxkil bai te ba stsobixsbaike,Mother,tzh,Casillas,Tseltal,Mayan,Mayan,36,caregiver,3026,0,2,5
3026,32410.625,32411.914,ba ila wil te a tatil,Mother,tzh,Casillas,Tseltal,Mayan,Mayan,36,caregiver,3026,0,2,6
3026,32412.8,32413.966,jichuk,Mother,tzh,Casillas,Tseltal,Mayan,Mayan,36,caregiver,3026,0,2,1
3026,32414.074,32414.922,tatil,Mother,tzh,Casillas,Tseltal,Mayan,Mayan,36,caregiver,3026,0,2,1
3026,32420.182,32420.418,oo!,Mother,tzh,Casillas,Tseltal,Mayan,Mayan,36,caregiver,3026,0,2,1
3026,32420.456,32422.073,ma sk'an xbajt,Mother,tzh,Casillas,Tseltal,Mayan,Mayan,36,caregiver,3026,0,2,4
3026,32424.253,32425.06,biiekmene,Mother,tzh,Casillas,Tseltal,Mayan,Mayan,36,caregiver,3026,0,2,1
3026,32432.71,32434.694,bai ba tsotsotalaekmene,Mother,tzh,Casillas,Tseltal,Mayan,Mayan,36,caregiver,3026,0,2,3
3026,32499.071,32499.445,mm,Mother,tzh,Casillas,Tseltal,Mayan,Mayan,36,caregiver,3026,0,2,1
3026,32499.944,32504.361,la wixlan xit ila me alale ila i alali,Mother,tzh,Casillas,Tseltal,Mayan,Mayan,36,caregiver,3026,0,2,9
3026,32522.412,32523.316,maxa wuts'in,Mother,tzh,Casillas,Tseltal,Mayan,Mayan,36,caregiver,3026,0,2,3
3026,32548.415,32550.714,sfirma areli'in <yeli>  areli mene,Mother,tzh,Casillas,Tseltal,Mayan,Mayan,36,caregiver,3026,0,2,6
3026,32551.822,32553.471,pajalkati a firma soki areli'i,Mother,tzh,Casillas,Tseltal,Mayan,Mayan,36,caregiver,3026,0,2,6
3026,32554.839,32555.51,joo,Mother,tzh,Casillas,Tseltal,Mayan,Mayan,36,caregiver,3026,0,2,1
3026,32571.438,32571.999,jmm,Mother,tzh,Casillas,Tseltal,Mayan,Mayan,36,caregiver,3026,0,2,1
3026,32578.298,32579.85,ya'me nopmen kasila,Mother,tzh,Casillas,Tseltal,Mayan,Mayan,36,caregiver,3026,0,2,4
3026,32581.436,32583.933,ja'me jich a firma xanek'in areli,Mother,tzh,Casillas,Tseltal,Mayan,Mayan,36,caregiver,3026,0,2,8
3026,32584.554,32586.503,pajalme a@l a@l naxex,Mother,tzh,Casillas,Tseltal,Mayan,Mayan,36,caregiver,3026,0,2,6
3026,32587.09,32589.793,kala petuleki jichme ya xlijkelek'ini,Mother,tzh,Casillas,Tseltal,Mayan,Mayan,36,caregiver,3026,0,2,6
3026,32590.852,32592.996,pedro jich inima,Mother,tzh,Casillas,Tseltal,Mayan,Mayan,36,caregiver,3026,0,2,3
3026,32598.471,32600.116,klareki jich inima,Mother,tzh,Casillas,Tseltal,Mayan,Mayan,36,caregiver,3026,0,2,3
3026,32600.911,32601.646,jich inima,Mother,tzh,Casillas,Tseltal,Mayan,Mayan,36,caregiver,3026,0,2,2
3026,32604.941,32605.899,c@l xi,Mother,tzh,Casillas,Tseltal,Mayan,Mayan,36,caregiver,3026,0,2,3
3026,32612.637,32614.441,apapaeke- ja'i ya spas apapa,Mother,tzh,Casillas,Tseltal,Mayan,Mayan,36,caregiver,3026,0,2,6
3026,32622.747,32623.815,jich naxini,Mother,tzh,Casillas,Tseltal,Mayan,Mayan,36,caregiver,3026,0,2,2
3026,32624.701,32626.426,ay wajichek ay firma jichini,Mother,tzh,Casillas,Tseltal,Mayan,Mayan,36,caregiver,3026,0,2,5
3026,32631.055,32632.309,li to me' nope'ni,Mother,tzh,Casillas,Tseltal,Mayan,Mayan,36,caregiver,3026,0,2,5
3026,32633.934,32634.634,maestro jo'tik,Mother,tzh,Casillas,Tseltal,Mayan,Mayan,36,caregiver,3026,0,2,3
3026,32635.051,32636.431,ta secundaria,Mother,tzh,Casillas,Tseltal,Mayan,Mayan,36,caregiver,3026,0,2,2
3026,32637.27,32639.202,teme ya jnoplatikelaimen ta secundaria,Mother,tzh,Casillas,Tseltal,Mayan,Mayan,36,caregiver,3026,0,2,5
3026,32643.156,32646.94,ay me'ijk'a lom lek la spasben firma maestroe pero jmel ma xnop,Mother,tzh,Casillas,Tseltal,Mayan,Mayan,36,caregiver,3026,0,2,14
3026,32650.31,32652.433,loktaik te bai junuk ya xk'ot ta wo'tanik,Mother,tzh,Casillas,Tseltal,Mayan,Mayan,36,caregiver,3026,0,2,10
3026,32655.978,32657.852,spisil nax ya spas la firmatik,Mother,tzh,Casillas,Tseltal,Mayan,Mayan,36,caregiver,3026,0,2,6
3026,32657.902,32659.575,maxkil me ay to jichik ya'tik,Mother,tzh,Casillas,Tseltal,Mayan,Mayan,36,caregiver,3026,0,2,7
3026,32667.57,32668.419,jats'i ja'me jiche'ni,Mother,tzh,Casillas,Tseltal,Mayan,Mayan,36,caregiver,3026,0,2,6
3026,32672.34,32673.044,jmm,Mother,tzh,Casillas,Tseltal,Mayan,Mayan,36,caregiver,3026,0,2,1
3026,32674.404,32674.831,jmm,Mother,tzh,Casillas,Tseltal,Mayan,Mayan,36,caregiver,3026,0,2,1
3026,32681.267,32682.6,ma wa ayuk nanix bach'ayemata i,Mother,tzh,Casillas,Tseltal,Mayan,Mayan,36,caregiver,3026,0,2,7
3026,32682.611,32684.533,ma wa ijk'a yakuk a cha'tustusta'imen e,Mother,tzh,Casillas,Tseltal,Mayan,Mayan,36,caregiver,3026,0,2,10
3026,32684.688,32687.155,yanchuk me ju'awu'un ba'waima ak' ta tsakel,Mother,tzh,Casillas,Tseltal,Mayan,Mayan,36,caregiver,3026,0,2,10
3026,32687.197,32687.521,yu'wa ma'yakuk-,Mother,tzh,Casillas,Tseltal,Mayan,Mayan,36,caregiver,3026,0,2,4
6216,18786.638,18787.156,c,Target_Child,tzh,Casillas,Tseltal,Mayan,Mayan,27,target_child,6216,0,1,1
6216,18797.906,18798.15,c,Target_Child,tzh,Casillas,Tseltal,Mayan,Mayan,27,target_child,6216,0,1,1
6216,18802.288,18803.728,c,Target_Child,tzh,Casillas,Tseltal,Mayan,Mayan,27,target_child,6216,0,1,1
6216,18803.954,18805.216,c,Target_Child,tzh,Casillas,Tseltal,Mayan,Mayan,27,target_child,6216,0,1,1
6216,18805.555,18806.515,oi!,Mother,tzh,Casillas,Tseltal,Mayan,Mayan,27,caregiver,6216,1,1,1
6216,18808.238,18808.888,c,Target_Child,tzh,Casillas,Tseltal,Mayan,Mayan,27,target_child,6216,0,1,1
6216,18809.428,18809.78,c,Target_Child,tzh,Casillas,Tseltal,Mayan,Mayan,27,target_child,6216,0,1,1
6216,18810.108,18810.64,c,Target_Child,tzh,Casillas,Tseltal,Mayan,Mayan,27,target_child,6216,0,1,1
6216,18810.88,18812.555,c,Target_Child,tzh,Casillas,Tseltal,Mayan,Mayan,27,target_child,6216,0,1,1
6216,18813.206,18813.416,c,Target_Child,tzh,Casillas,Tseltal,Mayan,Mayan,27,target_child,6216,0,1,1
6216,18814.283,18814.768,c,Target_Child,tzh,Casillas,Tseltal,Mayan,Mayan,27,target_child,6216,0,1,1
6216,18816.882,18817.614,c,Target_Child,tzh,Casillas,Tseltal,Mayan,Mayan,27,target_child,6216,0,1,1
6216,18820.466,18821.074,n,Target_Child,tzh,Casillas,Tseltal,Mayan,Mayan,27,target_child,6216,0,1,1
6216,18826.602,18827.104,c,Target_Child,tzh,Casillas,Tseltal,Mayan,Mayan,27,target_child,6216,0,1,1
6216,18828.528,18829.387,c,Target_Child,tzh,Casillas,Tseltal,Mayan,Mayan,27,target_child,6216,0,1,1
6216,18829.946,18830.61,c,Target_Child,tzh,Casillas,Tseltal,Mayan,Mayan,27,target_child,6216,0,1,1
6216,18830.085,18832.256,ban lum ta amak'e ya kixlaik,Mother,tzh,Casillas,Tseltal,Mayan,Mayan,27,caregiver,6216,1,1,7
6216,18832.256,18834.482,ch'enan me i ya la ya'iy tajimal ek!,Mother,tzh,Casillas,Tseltal,Mayan,Mayan,27,caregiver,6216,0,1,10
6216,18832.411,18832.661,n,Target_Child,tzh,Casillas,Tseltal,Mayan,Mayan,27,target_child,6216,0,1,1
6216,18835.862,18836.108,n,Target_Child,tzh,Casillas,Tseltal,Mayan,Mayan,27,target_child,6216,0,1,1
6216,18836.183,18838.709,"a ya xtal moto ya'tik i ch'i, ja' ts'i la kaltikix nax",Mother,tzh,Casillas,Tseltal,Mayan,Mayan,27,caregiver,6216,1,1,15
6216,18838.993,18841.11,ila awili tajimali ba tsaka xan tal ek i,Mother,tzh,Casillas,Tseltal,Mayan,Mayan,27,caregiver,6216,0,1,9
6216,18841.478,18841.964,c,Target_Child,tzh,Casillas,Tseltal,Mayan,Mayan,27,target_child,6216,0,1,1
6216,18888.539,18889.172,n,Target_Child,tzh,Casillas,Tseltal,Mayan,Mayan,27,target_child,6216,0,1,1
6216,18889.446,18890.24,n,Target_Child,tzh,Casillas,Tseltal,Mayan,Mayan,27,target_child,6216,0,1,1
6216,18890.518,18891.397,n,Target_Child,tzh,Casillas,Tseltal,Mayan,Mayan,27,target_child,6216,0,1,1
6216,18892.429,18892.906,n,Target_Child,tzh,Casillas,Tseltal,Mayan,Mayan,27,target_child,6216,0,1,1
6216,18893.207,18894.026,c,Target_Child,tzh,Casillas,Tseltal,Mayan,Mayan,27,target_child,6216,0,1,1
6216,18894.168,18894.826,n,Target_Child,tzh,Casillas,Tseltal,Mayan,Mayan,27,target_child,6216,0,1,1
6216,18895.233,18898.099,n,Target_Child,tzh,Casillas,Tseltal,Mayan,Mayan,27,target_child,6216,0,1,1
6216,18897.658,18898.976,oi oi oi oi oi,Mother,tzh,Casillas,Tseltal,Mayan,Mayan,27,caregiver,6216,1,1,5
6216,18923.21,18924.147,c,Target_Child,tzh,Casillas,Tseltal,Mayan,Mayan,27,target_child,6216,0,1,1
6216,18924.282,18926.281,"jo'o, maba ya xtal",Mother,tzh,Casillas,Tseltal,Mayan,Mayan,27,caregiver,6216,1,1,5
6216,18926.123,18926.816,n,Target_Child,tzh,Casillas,Tseltal,Mayan,Mayan,27,target_child,6216,0,1,1
6216,18928.347,18929.061,c,Target_Child,tzh,Casillas,Tseltal,Mayan,Mayan,27,target_child,6216,0,1,1
6216,18930.736,18931.314,c,Target_Child,tzh,Casillas,Tseltal,Mayan,Mayan,27,target_child,6216,0,1,1
6216,18933.195,18933.988,c,Target_Child,tzh,Casillas,Tseltal,Mayan,Mayan,27,target_child,6216,0,1,1
6216,18934.595,18936.251,"jo'o, ma xaxi'",Mother,tzh,Casillas,Tseltal,Mayan,Mayan,27,caregiver,6216,1,1,4
6216,18940.821,18942.248,c,Target_Child,tzh,Casillas,Tseltal,Mayan,Mayan,27,target_child,6216,0,1,1
6216,18941.805,18945.085,"jo'o, ban me tsaka i pelotae",Mother,tzh,Casillas,Tseltal,Mayan,Mayan,27,caregiver,6216,1,1,7
6216,18948.99,18949.854,c,Target_Child,tzh,Casillas,Tseltal,Mayan,Mayan,27,target_child,6216,0,1,1
6216,18950.783,18951.175,n,Target_Child,tzh,Casillas,Tseltal,Mayan,Mayan,27,target_child,6216,0,1,1
6216,18951.459,18954.819,ma'yuk ya xtal bajtix ta chik'el,Mother,tzh,Casillas,Tseltal,Mayan,Mayan,27,caregiver,6216,1,1,8
6216,18954.685,18955.108,c,Target_Child,tzh,Casillas,Tseltal,Mayan,Mayan,27,target_child,6216,0,1,1
6216,18955.268,18956.804,la yich'ix chik'el,Mother,tzh,Casillas,Tseltal,Mayan,Mayan,27,caregiver,6216,1,1,5
6216,18956.862,18957.438,c,Target_Child,tzh,Casillas,Tseltal,Mayan,Mayan,27,target_child,6216,0,1,1
6216,18957.381,18958.18,joo,Mother,tzh,Casillas,Tseltal,Mayan,Mayan,27,caregiver,6216,1,1,1
6216,18958.274,18959.138,n,Target_Child,tzh,Casillas,Tseltal,Mayan,Mayan,27,target_child,6216,0,1,1
6216,18958.759,18959.336,joo,Mother,tzh,Casillas,Tseltal,Mayan,Mayan,27,caregiver,6216,1,1,1
6216,18959.36,18959.807,c,Target_Child,tzh,Casillas,Tseltal,Mayan,Mayan,27,target_child,6216,0,1,1
6216,18960.39,18961.36,ch'oja bel,Mother,tzh,Casillas,Tseltal,Mayan,Mayan,27,caregiver,6216,1,1,3
6216,18960.835,18961.206,c,Target_Child,tzh,Casillas,Tseltal,Mayan,Mayan,27,target_child,6216,0,1,1
6216,18961.52,18963.173,eso ba tajinan nix ai,Mother,tzh,Casillas,Tseltal,Mayan,Mayan,27,caregiver,6216,1,1,5
6216,18963.354,18963.694,c,Target_Child,tzh,Casillas,Tseltal,Mayan,Mayan,27,target_child,6216,0,1,1
6216,18964.52,18965.298,c,Target_Child,tzh,Casillas,Tseltal,Mayan,Mayan,27,target_child,6216,0,1,1
6216,18965.84,18966.97,c,Target_Child,tzh,Casillas,Tseltal,Mayan,Mayan,27,target_child,6216,0,1,1
6216,18966.668,18967.131,jmm,Mother,tzh,Casillas,Tseltal,Mayan,Mayan,27,caregiver,6216,1,1,1
6216,18970.587,18971.487,mm,Mother,tzh,Casillas,Tseltal,Mayan,Mayan,27,caregiver,6216,0,1,1
6216,18971.698,18972.454,c,Target_Child,tzh,Casillas,Tseltal,Mayan,Mayan,27,target_child,6216,0,1,1
6216,18972.476,18973.29,ay to,Mother,tzh,Casillas,Tseltal,Mayan,Mayan,27,caregiver,6216,1,1,2
6216,18981.724,18983.237,ba tsaka xan ek'i,Mother,tzh,Casillas,Tseltal,Mayan,Mayan,27,caregiver,6216,0,1,5
6216,18983.39,18983.87,c,Target_Child,tzh,Casillas,Tseltal,Mayan,Mayan,27,target_child,6216,0,1,1
6216,18984.037,18985.514,chawok,Mother,tzh,Casillas,Tseltal,Mayan,Mayan,27,caregiver,6216,1,1,1
6216,18986.505,18987.778,chawok,Mother,tzh,Casillas,Tseltal,Mayan,Mayan,27,caregiver,6216,0,1,1
6216,18986.69,18987.08,c,Target_Child,tzh,Casillas,Tseltal,Mayan,Mayan,27,target_child,6216,0,1,1
6216,18987.696,18988.046,c,Target_Child,tzh,Casillas,Tseltal,Mayan,Mayan,27,target_child,6216,0,1,1
6216,18988.02,18988.949,chawuk,Mother,tzh,Casillas,Tseltal,Mayan,Mayan,27,caregiver,6216,1,1,1
6216,18988.484,18989.562,c,Target_Child,tzh,Casillas,Tseltal,Mayan,Mayan,27,target_child,6216,0,1,1
6216,18989.07,18989.678,chauk,Mother,tzh,Casillas,Tseltal,Mayan,Mayan,27,caregiver,6216,1,1,1
6216,18990.182,18991.363,c,Target_Child,tzh,Casillas,Tseltal,Mayan,Mayan,27,target_child,6216,0,1,1
6216,18991.715,18993.624,c,Target_Child,tzh,Casillas,Tseltal,Mayan,Mayan,27,target_child,6216,0,1,1
6216,18994.262,18994.902,c,Target_Child,tzh,Casillas,Tseltal,Mayan,Mayan,27,target_child,6216,0,1,1
6216,18996.402,18997.276,c,Target_Child,tzh,Casillas,Tseltal,Mayan,Mayan,27,target_child,6216,0,1,1
6216,18997.574,18998.218,c,Target_Child,tzh,Casillas,Tseltal,Mayan,Mayan,27,target_child,6216,0,1,1
6216,18998.606,18999.229,c,Target_Child,tzh,Casillas,Tseltal,Mayan,Mayan,27,target_child,6216,0,1,1
6216,18999.652,19000.302,c,Target_Child,tzh,Casillas,Tseltal,Mayan,Mayan,27,target_child,6216,0,1,1
6216,19000.874,19001.29,c,Target_Child,tzh,Casillas,Tseltal,Mayan,Mayan,27,target_child,6216,0,1,1
6216,19002.195,19002.8,c,Target_Child,tzh,Casillas,Tseltal,Mayan,Mayan,27,target_child,6216,0,1,1
6216,19003.88,19004.398,n,Target_Child,tzh,Casillas,Tseltal,Mayan,Mayan,27,target_child,6216,0,1,1
6216,19006.372,19006.734,n,Target_Child,tzh,Casillas,Tseltal,Mayan,Mayan,27,target_child,6216,0,1,1
6216,19007.574,19010.899,n,Target_Child,tzh,Casillas,Tseltal,Mayan,Mayan,27,target_child,6216,0,1,1
6216,19012.51,19014.829,n,Target_Child,tzh,Casillas,Tseltal,Mayan,Mayan,27,target_child,6216,0,1,1
6216,19015.562,19016.182,c,Target_Child,tzh,Casillas,Tseltal,Mayan,Mayan,27,target_child,6216,0,1,1
6216,19029.252,19030.143,c,Target_Child,tzh,Casillas,Tseltal,Mayan,Mayan,27,target_child,6216,0,1,1
6216,19032.294,19033.078,c,Target_Child,tzh,Casillas,Tseltal,Mayan,Mayan,27,target_child,6216,0,1,1
6216,19040.536,19041.638,n,Target_Child,tzh,Casillas,Tseltal,Mayan,Mayan,27,target_child,6216,0,1,1
6216,19044.868,19045.695,c,Target_Child,tzh,Casillas,Tseltal,Mayan,Mayan,27,target_child,6216,0,1,1
6216,19047.86,19049.122,c,Target_Child,tzh,Casillas,Tseltal,Mayan,Mayan,27,target_child,6216,0,1,1
6216,19048.768,19049.869,ya xba jma,Mother,tzh,Casillas,Tseltal,Mayan,Mayan,27,caregiver,6216,1,1,3
6216,19049.792,19050.526,c,Target_Child,tzh,Casillas,Tseltal,Mayan,Mayan,27,target_child,6216,0,1,1
6216,19049.927,19051.09,aa ba maja,Mother,tzh,Casillas,Tseltal,Mayan,Mayan,27,caregiver,6216,1,1,3
6216,19051.162,19051.498,c,Target_Child,tzh,Casillas,Tseltal,Mayan,Mayan,27,target_child,6216,0,1,1
6216,19052.97,19053.714,n,Target_Child,tzh,Casillas,Tseltal,Mayan,Mayan,27,target_child,6216,0,1,1
6216,19054.122,19056.824,c,Target_Child,tzh,Casillas,Tseltal,Mayan,Mayan,27,target_child,6216,0,1,1
6216,19055.168,19056.487,pura ja,Mother,tzh,Casillas,Tseltal,Mayan,Mayan,27,caregiver,6216,1,1,2
6216,19056.989,19057.949,ba maja i,Mother,tzh,Casillas,Tseltal,Mayan,Mayan,27,caregiver,6216,0,1,3
6216,19057.818,19058.162,c,Target_Child,tzh,Casillas,Tseltal,Mayan,Mayan,27,target_child,6216,0,1,1
6216,19058.404,19059.052,jo'o,Mother,tzh,Casillas,Tseltal,Mayan,Mayan,27,caregiver,6216,1,1,2
6216,19058.849,19059.258,c,Target_Child,tzh,Casillas,Tseltal,Mayan,Mayan,27,target_child,6216,0,1,1
6216,19059.837,19060.212,c,Target_Child,tzh,Casillas,Tseltal,Mayan,Mayan,27,target_child,6216,0,1,1
6216,19060.811,19061.186,c,Target_Child,tzh,Casillas,Tseltal,Mayan,Mayan,27,target_child,6216,0,1,1
6216,19061.662,19062.04,c,Target_Child,tzh,Casillas,Tseltal,Mayan,Mayan,27,target_child,6216,0,1,1
6216,19062.783,19066.134,c,Target_Child,tzh,Casillas,Tseltal,Mayan,Mayan,27,target_child,6216,0,1,1
6216,19067.734,19069.028,c,Target_Child,tzh,Casillas,Tseltal,Mayan,Mayan,27,target_child,6216,0,1,1
6216,19070.912,19071.264,c,Target_Child,tzh,Casillas,Tseltal,Mayan,Mayan,27,target_child,6216,0,1,1
6216,19071.526,19072.165,jo'o,Mother,tzh,Casillas,Tseltal,Mayan,Mayan,27,caregiver,6216,1,1,2
6216,19078.27,19078.824,c,Target_Child,tzh,Casillas,Tseltal,Mayan,Mayan,27,target_child,6216,0,1,1
6216,19079.462,19079.76,c,Target_Child,tzh,Casillas,Tseltal,Mayan,Mayan,27,target_child,6216,0,1,1
6216,19082.357,19082.72,c,Target_Child,tzh,Casillas,Tseltal,Mayan,Mayan,27,target_child,6216,0,1,1
6216,19084.168,19084.652,c,Target_Child,tzh,Casillas,Tseltal,Mayan,Mayan,27,target_child,6216,0,1,1
6216,29006.722,29007.156,c,Target_Child,tzh,Casillas,Tseltal,Mayan,Mayan,27,target_child,6216,0,2,1
6216,29008.164,29008.779,c,Target_Child,tzh,Casillas,Tseltal,Mayan,Mayan,27,target_child,6216,0,2,1
6216,29009.817,29010.168,c,Target_Child,tzh,Casillas,Tseltal,Mayan,Mayan,27,target_child,6216,0,2,1
6216,29012.483,29013.18,c,Target_Child,tzh,Casillas,Tseltal,Mayan,Mayan,27,target_child,6216,0,2,1
6216,29015.487,29015.952,c,Target_Child,tzh,Casillas,Tseltal,Mayan,Mayan,27,target_child,6216,0,2,1
6216,29016.245,29016.636,c,Target_Child,tzh,Casillas,Tseltal,Mayan,Mayan,27,target_child,6216,0,2,1
6216,29048.524,29049.066,c,Target_Child,tzh,Casillas,Tseltal,Mayan,Mayan,27,target_child,6216,0,2,1
6216,29053.214,29054.576,c,Target_Child,tzh,Casillas,Tseltal,Mayan,Mayan,27,target_child,6216,0,2,1
6216,29057.702,29058.341,c,Target_Child,tzh,Casillas,Tseltal,Mayan,Mayan,27,target_child,6216,0,2,1
6216,29060.126,29061.189,c,Target_Child,tzh,Casillas,Tseltal,Mayan,Mayan,27,target_child,6216,0,2,1
6216,29067.035,29068.169,yu'un ma ya awe',Mother,tzh,Casillas,Tseltal,Mayan,Mayan,27,caregiver,6216,0,2,5
6216,29068.702,29072.27,c,Target_Child,tzh,Casillas,Tseltal,Mayan,Mayan,27,target_child,6216,0,2,1
6216,29078.606,29080.256,n,Target_Child,tzh,Casillas,Tseltal,Mayan,Mayan,27,target_child,6216,0,2,1
6216,29081.048,29082.778,n,Target_Child,tzh,Casillas,Tseltal,Mayan,Mayan,27,target_child,6216,0,2,1
6216,29083.412,29085.386,n,Target_Child,tzh,Casillas,Tseltal,Mayan,Mayan,27,target_child,6216,0,2,1
6216,29086.794,29087.298,c,Target_Child,tzh,Casillas,Tseltal,Mayan,Mayan,27,target_child,6216,0,2,1
6216,29104.148,29104.672,c,Target_Child,tzh,Casillas,Tseltal,Mayan,Mayan,27,target_child,6216,0,2,1
6216,29106.188,29106.811,c,Target_Child,tzh,Casillas,Tseltal,Mayan,Mayan,27,target_child,6216,0,2,1
6216,29143.062,29145.314,n,Target_Child,tzh,Casillas,Tseltal,Mayan,Mayan,27,target_child,6216,0,2,1
6216,29146.194,29147.638,n,Target_Child,tzh,Casillas,Tseltal,Mayan,Mayan,27,target_child,6216,0,2,1
6216,29148.342,29149.686,n,Target_Child,tzh,Casillas,Tseltal,Mayan,Mayan,27,target_child,6216,0,2,1
6216,29149.776,29150.194,jmm,Mother,tzh,Casillas,Tseltal,Mayan,Mayan,27,caregiver,6216,1,2,1
6216,29150.406,29151.6,n,Target_Child,tzh,Casillas,Tseltal,Mayan,Mayan,27,target_child,6216,0,2,1
6216,29151.287,29151.953,jmm,Mother,tzh,Casillas,Tseltal,Mayan,Mayan,27,caregiver,6216,1,2,1
6216,29152.34,29154.698,n,Target_Child,tzh,Casillas,Tseltal,Mayan,Mayan,27,target_child,6216,0,2,1
6216,29155.772,29159.244,n,Target_Child,tzh,Casillas,Tseltal,Mayan,Mayan,27,target_child,6216,0,2,1
6216,29159.756,29161.462,n,Target_Child,tzh,Casillas,Tseltal,Mayan,Mayan,27,target_child,6216,0,2,1
6216,29161.82,29163.054,n,Target_Child,tzh,Casillas,Tseltal,Mayan,Mayan,27,target_child,6216,0,2,1
6216,29165.812,29167.692,n,Target_Child,tzh,Casillas,Tseltal,Mayan,Mayan,27,target_child,6216,0,2,1
6216,29168.162,29168.66,n,Target_Child,tzh,Casillas,Tseltal,Mayan,Mayan,27,target_child,6216,0,2,1
6216,29169.002,29170.466,n,Target_Child,tzh,Casillas,Tseltal,Mayan,Mayan,27,target_child,6216,0,2,1
6216,29171.622,29171.878,n,Target_Child,tzh,Casillas,Tseltal,Mayan,Mayan,27,target_child,6216,0,2,1
6216,29172.188,29174.186,n,Target_Child,tzh,Casillas,Tseltal,Mayan,Mayan,27,target_child,6216,0,2,1
6216,29193.09,29194.322,n,Target_Child,tzh,Casillas,Tseltal,Mayan,Mayan,27,target_child,6216,0,2,1
6216,29220.795,29221.01,c,Target_Child,tzh,Casillas,Tseltal,Mayan,Mayan,27,target_child,6216,0,2,1
6216,29233.028,29235.068,n,Target_Child,tzh,Casillas,Tseltal,Mayan,Mayan,27,target_child,6216,0,2,1
6216,29236.762,29238.332,n,Target_Child,tzh,Casillas,Tseltal,Mayan,Mayan,27,target_child,6216,0,2,1
6216,29239.981,29240.726,n,Target_Child,tzh,Casillas,Tseltal,Mayan,Mayan,27,target_child,6216,0,2,1
6216,29241.722,29242.386,n,Target_Child,tzh,Casillas,Tseltal,Mayan,Mayan,27,target_child,6216,0,2,1
6216,29243.53,29245.104,n,Target_Child,tzh,Casillas,Tseltal,Mayan,Mayan,27,target_child,6216,0,2,1
6216,29250.212,29252.136,n,Target_Child,tzh,Casillas,Tseltal,Mayan,Mayan,27,target_child,6216,0,2,1
6216,29252.778,29253.315,c,Target_Child,tzh,Casillas,Tseltal,Mayan,Mayan,27,target_child,6216,0,2,1
6216,29255.282,29255.757,c,Target_Child,tzh,Casillas,Tseltal,Mayan,Mayan,27,target_child,6216,0,2,1
6216,29256.402,29261.374,c,Target_Child,tzh,Casillas,Tseltal,Mayan,Mayan,27,target_child,6216,0,2,1
6216,29267.818,29273.856,c,Target_Child,tzh,Casillas,Tseltal,Mayan,Mayan,27,target_child,6216,0,2,1
6216,29276.47,29280.282,c,Target_Child,tzh,Casillas,Tseltal,Mayan,Mayan,27,target_child,6216,0,2,1
6216,29280.896,29282.992,n,Target_Child,tzh,Casillas,Tseltal,Mayan,Mayan,27,target_child,6216,0,2,1
6216,29283.508,29285.176,n,Target_Child,tzh,Casillas,Tseltal,Mayan,Mayan,27,target_child,6216,0,2,1
6216,29285.634,29288.402,n,Target_Child,tzh,Casillas,Tseltal,Mayan,Mayan,27,target_child,6216,0,2,1
7326,14838,14838.203,c,Target_Child,tzh,Casillas,Tseltal,Mayan,Mayan,14,target_child,7326,0,2,1
7326,14838.487,14838.985,mm,Mother,tzh,Casillas,Tseltal,Mayan,Mayan,14,caregiver,7326,1,2,1
7326,14839.469,14840.406,c,Target_Child,tzh,Casillas,Tseltal,Mayan,Mayan,14,target_child,7326,0,2,1
7326,14840.779,14841.329,mm,Mother,tzh,Casillas,Tseltal,Mayan,Mayan,14,caregiver,7326,1,2,1
7326,14849.343,14850.203,c,Target_Child,tzh,Casillas,Tseltal,Mayan,Mayan,14,target_child,7326,0,2,1
7326,14850.522,14851.094,jmm,Mother,tzh,Casillas,Tseltal,Mayan,Mayan,14,caregiver,7326,1,2,1
7326,14851.25,14852.453,c,Target_Child,tzh,Casillas,Tseltal,Mayan,Mayan,14,target_child,7326,0,2,1
7326,14852.895,14853.938,c,Target_Child,tzh,Casillas,Tseltal,Mayan,Mayan,14,target_child,7326,0,2,1
7326,14854.098,14854.709,ay wan,Mother,tzh,Casillas,Tseltal,Mayan,Mayan,14,caregiver,7326,1,2,2
7326,14854.812,14855.141,c,Target_Child,tzh,Casillas,Tseltal,Mayan,Mayan,14,target_child,7326,0,2,1
7326,14855.798,14856.948,c,Target_Child,tzh,Casillas,Tseltal,Mayan,Mayan,14,target_child,7326,0,2,1
7326,14857.358,14857.988,ay wan,Mother,tzh,Casillas,Tseltal,Mayan,Mayan,14,caregiver,7326,1,2,2
7326,14858.915,14859.303,n,Target_Child,tzh,Casillas,Tseltal,Mayan,Mayan,14,target_child,7326,0,2,1
7326,14859.853,14860.611,n,Target_Child,tzh,Casillas,Tseltal,Mayan,Mayan,14,target_child,7326,0,2,1
7326,14861.188,14861.5,c,Target_Child,tzh,Casillas,Tseltal,Mayan,Mayan,14,target_child,7326,0,2,1
7326,14862.347,14862.764,jmm,Mother,tzh,Casillas,Tseltal,Mayan,Mayan,14,caregiver,7326,1,2,1
7326,14863.225,14864.094,c,Target_Child,tzh,Casillas,Tseltal,Mayan,Mayan,14,target_child,7326,0,2,1
7326,14865.469,14865.781,c,Target_Child,tzh,Casillas,Tseltal,Mayan,Mayan,14,target_child,7326,0,2,1
7326,14866.255,14866.963,c,Target_Child,tzh,Casillas,Tseltal,Mayan,Mayan,14,target_child,7326,0,2,1
7326,14867.272,14868.735,c,Target_Child,tzh,Casillas,Tseltal,Mayan,Mayan,14,target_child,7326,0,2,1
7326,14869.984,14870.641,c,Target_Child,tzh,Casillas,Tseltal,Mayan,Mayan,14,target_child,7326,0,2,1
7326,14871.162,14871.633,jmm,Mother,tzh,Casillas,Tseltal,Mayan,Mayan,14,caregiver,7326,1,2,1
7326,14874.016,14874.578,n,Target_Child,tzh,Casillas,Tseltal,Mayan,Mayan,14,target_child,7326,0,2,1
7326,14878.921,14879.125,n,Target_Child,tzh,Casillas,Tseltal,Mayan,Mayan,14,target_child,7326,0,2,1
7326,14907.726,14908.547,n,Target_Child,tzh,Casillas,Tseltal,Mayan,Mayan,14,target_child,7326,0,2,1
7326,14926.797,14928.859,c,Target_Child,tzh,Casillas,Tseltal,Mayan,Mayan,14,target_child,7326,0,2,1
7326,14929.285,14929.88,joo,Mother,tzh,Casillas,Tseltal,Mayan,Mayan,14,caregiver,7326,1,2,1
7326,14929.812,14930.273,c,Target_Child,tzh,Casillas,Tseltal,Mayan,Mayan,14,target_child,7326,0,2,1
7326,14981.606,14982.834,ixtal pastik li'i,Mother,tzh,Casillas,Tseltal,Mayan,Mayan,14,caregiver,7326,0,2,4
7326,14983.859,14984.859,tsakatal,Mother,tzh,Casillas,Tseltal,Mayan,Mayan,14,caregiver,7326,0,2,1
7326,14995.127,14996.124,tsakatal i ya jpastik li'i,Mother,tzh,Casillas,Tseltal,Mayan,Mayan,14,caregiver,7326,0,2,6
7326,15000.734,15001.188,c,Target_Child,tzh,Casillas,Tseltal,Mayan,Mayan,14,target_child,7326,0,2,1
7326,15001.357,15002.845,mame' xba wixlan ja',Mother,tzh,Casillas,Tseltal,Mayan,Mayan,14,caregiver,7326,1,2,4
7326,15013.312,15013.594,c,Target_Child,tzh,Casillas,Tseltal,Mayan,Mayan,14,target_child,7326,0,2,1
7326,15014.609,15014.734,c,Target_Child,tzh,Casillas,Tseltal,Mayan,Mayan,14,target_child,7326,0,2,1
7326,15015.359,15015.453,c,Target_Child,tzh,Casillas,Tseltal,Mayan,Mayan,14,target_child,7326,0,2,1
7326,15026.562,15026.766,n,Target_Child,tzh,Casillas,Tseltal,Mayan,Mayan,14,target_child,7326,0,2,1
7326,15028.904,15031.154,la'me i mame' xb- inxan,Mother,tzh,Casillas,Tseltal,Mayan,Mayan,14,caregiver,7326,1,2,6
7326,15031.625,15031.781,c,Target_Child,tzh,Casillas,Tseltal,Mayan,Mayan,14,target_child,7326,0,2,1
7326,15031.988,15033.13,ya wixlanxan ya'tik i ja'i,Mother,tzh,Casillas,Tseltal,Mayan,Mayan,14,caregiver,7326,1,2,7
7326,15033.312,15033.594,c,Target_Child,tzh,Casillas,Tseltal,Mayan,Mayan,14,target_child,7326,0,2,1
7326,15034.285,15035.107,maxa' wixlani ja'i,Mother,tzh,Casillas,Tseltal,Mayan,Mayan,14,caregiver,7326,1,2,4
7326,15036.5,15036.656,n,Target_Child,tzh,Casillas,Tseltal,Mayan,Mayan,14,target_child,7326,0,2,1
7326,15037.375,15037.703,n,Target_Child,tzh,Casillas,Tseltal,Mayan,Mayan,14,target_child,7326,0,2,1
7326,15039.869,15041.583,la mets'in mame'xa wixlanix a me ja'e,Mother,tzh,Casillas,Tseltal,Mayan,Mayan,14,caregiver,7326,1,2,10
7326,15045.523,15046.404,la'me li' ayixi,Mother,tzh,Casillas,Tseltal,Mayan,Mayan,14,caregiver,7326,0,2,4
7326,15046.781,15047.062,c,Target_Child,tzh,Casillas,Tseltal,Mayan,Mayan,14,target_child,7326,0,2,1
7326,15047.442,15048.349,la'me li' ayixi,Mother,tzh,Casillas,Tseltal,Mayan,Mayan,14,caregiver,7326,1,2,4
7326,15048.797,15049.281,c,Target_Child,tzh,Casillas,Tseltal,Mayan,Mayan,14,target_child,7326,0,2,1
7326,15049.486,15050.587,ja'inch'i,Mother,tzh,Casillas,Tseltal,Mayan,Mayan,14,caregiver,7326,1,2,3
7326,15053.114,15053.663,c,Target_Child,tzh,Casillas,Tseltal,Mayan,Mayan,14,target_child,7326,0,2,1
7326,15054.081,15055.024,tajinan i,Mother,tzh,Casillas,Tseltal,Mayan,Mayan,14,caregiver,7326,1,2,2
7326,15055.246,15056.151,n,Target_Child,tzh,Casillas,Tseltal,Mayan,Mayan,14,target_child,7326,0,2,1
7326,15055.786,15056.442,joo,Mother,tzh,Casillas,Tseltal,Mayan,Mayan,14,caregiver,7326,1,2,1
7326,15056.837,15056.994,n,Target_Child,tzh,Casillas,Tseltal,Mayan,Mayan,14,target_child,7326,0,2,1
7326,15057.352,15058.147,<tajinan i>,Mother,tzh,Casillas,Tseltal,Mayan,Mayan,14,caregiver,7326,1,2,2
7326,15058.387,15058.598,n,Target_Child,tzh,Casillas,Tseltal,Mayan,Mayan,14,target_child,7326,0,2,1
7326,15067.781,15068.172,c,Target_Child,tzh,Casillas,Tseltal,Mayan,Mayan,14,target_child,7326,0,2,1
7326,15068.655,15069.483,ay,Mother,tzh,Casillas,Tseltal,Mayan,Mayan,14,caregiver,7326,1,2,1
7326,15070.625,15070.828,c,Target_Child,tzh,Casillas,Tseltal,Mayan,Mayan,14,target_child,7326,0,2,1
7326,15071.024,15071.59,jmm,Mother,tzh,Casillas,Tseltal,Mayan,Mayan,14,caregiver,7326,1,2,1
7326,15071.641,15073.122,n,Target_Child,tzh,Casillas,Tseltal,Mayan,Mayan,14,target_child,7326,0,2,1
7326,15074.391,15074.734,c,Target_Child,tzh,Casillas,Tseltal,Mayan,Mayan,14,target_child,7326,0,2,1
7326,15074.827,15075.418,jmm,Mother,tzh,Casillas,Tseltal,Mayan,Mayan,14,caregiver,7326,1,2,1
7326,15075.703,15076.312,n,Target_Child,tzh,Casillas,Tseltal,Mayan,Mayan,14,target_child,7326,0,2,1
7326,15076.5,15078.229,mame' ba xbats'i ay me ja'te a,Mother,tzh,Casillas,Tseltal,Mayan,Mayan,14,caregiver,7326,1,2,9
7326,15078.672,15078.859,c,Target_Child,tzh,Casillas,Tseltal,Mayan,Mayan,14,target_child,7326,0,2,1
7326,15079.106,15079.778,ay me ja',Mother,tzh,Casillas,Tseltal,Mayan,Mayan,14,caregiver,7326,1,2,3
7326,15080.891,15081.467,c,Target_Child,tzh,Casillas,Tseltal,Mayan,Mayan,14,target_child,7326,0,2,1
7326,15081.549,15082.901,ay me ja',Mother,tzh,Casillas,Tseltal,Mayan,Mayan,14,caregiver,7326,1,2,3
7326,15085.418,15086.016,la'me,Mother,tzh,Casillas,Tseltal,Mayan,Mayan,14,caregiver,7326,0,2,2
7326,15088.057,15088.786,ila,Mother,tzh,Casillas,Tseltal,Mayan,Mayan,14,caregiver,7326,0,2,1
7326,15089.434,15090.934,am am mm,Mother,tzh,Casillas,Tseltal,Mayan,Mayan,14,caregiver,7326,0,2,3
7326,15091.109,15091.391,c,Target_Child,tzh,Casillas,Tseltal,Mayan,Mayan,14,target_child,7326,0,2,1
7326,15091.868,15092.786,jats'ini,Mother,tzh,Casillas,Tseltal,Mayan,Mayan,14,caregiver,7326,1,2,2
7326,15093.336,15093.991,c,Target_Child,tzh,Casillas,Tseltal,Mayan,Mayan,14,target_child,7326,0,2,1
7326,15095.704,15099.16,ja'inch'i ya xben karro pipip,Mother,tzh,Casillas,Tseltal,Mayan,Mayan,14,caregiver,7326,1,2,7
7326,15099.953,15102.828,c,Target_Child,tzh,Casillas,Tseltal,Mayan,Mayan,14,target_child,7326,0,2,1
7326,15101.516,15103.319,ch'i,Mother,tzh,Casillas,Tseltal,Mayan,Mayan,14,caregiver,7326,1,2,2
7326,15103.54,15103.811,c,Target_Child,tzh,Casillas,Tseltal,Mayan,Mayan,14,target_child,7326,0,2,1
7326,15104.262,15104.75,ja'inch'i,Mother,tzh,Casillas,Tseltal,Mayan,Mayan,14,caregiver,7326,1,2,3
7326,15105.786,15106.36,beesa'ek,Mother,tzh,Casillas,Tseltal,Mayan,Mayan,14,caregiver,7326,0,2,2
7326,15107.475,15108.631,pip xi uy,Mother,tzh,Casillas,Tseltal,Mayan,Mayan,14,caregiver,7326,0,2,3
7326,15109.172,15109.438,c,Target_Child,tzh,Casillas,Tseltal,Mayan,Mayan,14,target_child,7326,0,2,1
7326,15109.795,15110.711,uy xi,Mother,tzh,Casillas,Tseltal,Mayan,Mayan,14,caregiver,7326,1,2,2
7326,15111,15111.349,c,Target_Child,tzh,Casillas,Tseltal,Mayan,Mayan,14,target_child,7326,0,2,1
7326,15111.377,15111.819,ay,Mother,tzh,Casillas,Tseltal,Mayan,Mayan,14,caregiver,7326,1,2,1
7326,15111.915,15113.025,ya sne't'oni carroi,Mother,tzh,Casillas,Tseltal,Mayan,Mayan,14,caregiver,7326,0,2,5
7326,15112.156,15112.469,c,Target_Child,tzh,Casillas,Tseltal,Mayan,Mayan,14,target_child,7326,0,2,1
7326,15114.549,15114.909,uy,Mother,tzh,Casillas,Tseltal,Mayan,Mayan,14,caregiver,7326,1,2,1
7326,15116.991,15117.317,c,Target_Child,tzh,Casillas,Tseltal,Mayan,Mayan,14,target_child,7326,0,2,1
7326,15117.514,15118.531,ya sne't'atal trailer,Mother,tzh,Casillas,Tseltal,Mayan,Mayan,14,caregiver,7326,1,2,5
7326,15117.86,15118.166,c,Target_Child,tzh,Casillas,Tseltal,Mayan,Mayan,14,target_child,7326,0,2,1
7326,15118.679,15119.171,uy,Mother,tzh,Casillas,Tseltal,Mayan,Mayan,14,caregiver,7326,1,2,1
7326,15119.938,15120.359,c,Target_Child,tzh,Casillas,Tseltal,Mayan,Mayan,14,target_child,7326,0,2,1
7326,15120.549,15121.565,kich'o,Mother,tzh,Casillas,Tseltal,Mayan,Mayan,14,caregiver,7326,1,2,2
7326,15122.295,15122.754,uy,Mother,tzh,Casillas,Tseltal,Mayan,Mayan,14,caregiver,7326,0,2,1
7326,15122.922,15123.266,c,Target_Child,tzh,Casillas,Tseltal,Mayan,Mayan,14,target_child,7326,0,2,1
7326,15125.754,15126.622,ila 'wil,Mother,tzh,Casillas,Tseltal,Mayan,Mayan,14,caregiver,7326,1,2,2
7326,15127.612,15128.491,pipip xi,Mother,tzh,Casillas,Tseltal,Mayan,Mayan,14,caregiver,7326,0,2,2
7326,15131.978,15133.627,ju'uk me i,Mother,tzh,Casillas,Tseltal,Mayan,Mayan,14,caregiver,7326,0,2,4
7326,15135.654,15136.684,wayal,Mother,tzh,Casillas,Tseltal,Mayan,Mayan,14,caregiver,7326,0,2,1
7326,15137.483,15137.926,butk'e,Mother,tzh,Casillas,Tseltal,Mayan,Mayan,14,caregiver,7326,0,2,2
7326,27857.69,27858.672,n,Target_Child,tzh,Casillas,Tseltal,Mayan,Mayan,14,target_child,7326,0,1,1
7326,27858.951,27859.712,tajinan i,Mother,tzh,Casillas,Tseltal,Mayan,Mayan,14,caregiver,7326,1,1,2
7326,27859.832,27860.633,iaba'ay ch'i,Mother,tzh,Casillas,Tseltal,Mayan,Mayan,14,caregiver,7326,0,1,4
7326,27860.793,27861.254,n,Target_Child,tzh,Casillas,Tseltal,Mayan,Mayan,14,target_child,7326,0,1,1
7326,27862.294,27862.895,jm,Mother,tzh,Casillas,Tseltal,Mayan,Mayan,14,caregiver,7326,1,1,1
7326,27863.346,27863.846,c,Target_Child,tzh,Casillas,Tseltal,Mayan,Mayan,14,target_child,7326,0,1,1
7326,27864.377,27865.468,c,Target_Child,tzh,Casillas,Tseltal,Mayan,Mayan,14,target_child,7326,0,1,1
7326,27865.207,27866.348,mm,Mother,tzh,Casillas,Tseltal,Mayan,Mayan,14,caregiver,7326,1,1,1
7326,27866.422,27867.954,c,Target_Child,tzh,Casillas,Tseltal,Mayan,Mayan,14,target_child,7326,0,1,1
7326,27868.688,27869.906,c,Target_Child,tzh,Casillas,Tseltal,Mayan,Mayan,14,target_child,7326,0,1,1
7326,27881.858,27882.172,n,Target_Child,tzh,Casillas,Tseltal,Mayan,Mayan,14,target_child,7326,0,1,1
7326,27883.81,27884.531,c,Target_Child,tzh,Casillas,Tseltal,Mayan,Mayan,14,target_child,7326,0,1,1
7326,27885.36,27886.204,n,Target_Child,tzh,Casillas,Tseltal,Mayan,Mayan,14,target_child,7326,0,1,1
7326,27892.77,27894.112,wix,Mother,tzh,Casillas,Tseltal,Mayan,Mayan,14,caregiver,7326,0,1,1
7326,27894.333,27895.394,c,Target_Child,tzh,Casillas,Tseltal,Mayan,Mayan,14,target_child,7326,0,1,1
7326,27896.25,27897.166,n,Target_Child,tzh,Casillas,Tseltal,Mayan,Mayan,14,target_child,7326,0,1,1
7326,27897.954,27899.124,n,Target_Child,tzh,Casillas,Tseltal,Mayan,Mayan,14,target_child,7326,0,1,1
7326,27899.704,27901.25,c,Target_Child,tzh,Casillas,Tseltal,Mayan,Mayan,14,target_child,7326,0,1,1
7326,27901.531,27902.112,jm,Mother,tzh,Casillas,Tseltal,Mayan,Mayan,14,caregiver,7326,1,1,1
7326,27902.021,27902.828,c,Target_Child,tzh,Casillas,Tseltal,Mayan,Mayan,14,target_child,7326,0,1,1
7326,27903.594,27905.922,n,Target_Child,tzh,Casillas,Tseltal,Mayan,Mayan,14,target_child,7326,0,1,1
7326,27907.096,27907.404,c,Target_Child,tzh,Casillas,Tseltal,Mayan,Mayan,14,target_child,7326,0,1,1
7326,27908.868,27910.218,c,Target_Child,tzh,Casillas,Tseltal,Mayan,Mayan,14,target_child,7326,0,1,1
7326,27911.031,27912.172,c,Target_Child,tzh,Casillas,Tseltal,Mayan,Mayan,14,target_child,7326,0,1,1
7326,27913.283,27915.968,c,Target_Child,tzh,Casillas,Tseltal,Mayan,Mayan,14,target_child,7326,0,1,1
7326,27916.537,27917.118,c,Target_Child,tzh,Casillas,Tseltal,Mayan,Mayan,14,target_child,7326,0,1,1
7326,27920.171,27920.832,n,Target_Child,tzh,Casillas,Tseltal,Mayan,Mayan,14,target_child,7326,0,1,1
7326,27921.402,27922.266,n,Target_Child,tzh,Casillas,Tseltal,Mayan,Mayan,14,target_child,7326,0,1,1
7326,27922.703,27925.126,n,Target_Child,tzh,Casillas,Tseltal,Mayan,Mayan,14,target_child,7326,0,1,1
7326,27922.947,27923.548,mm,Mother,tzh,Casillas,Tseltal,Mayan,Mayan,14,caregiver,7326,1,1,1
7326,27925.938,27926.677,c,Target_Child,tzh,Casillas,Tseltal,Mayan,Mayan,14,target_child,7326,0,1,1
7326,27927,27927.532,c,Target_Child,tzh,Casillas,Tseltal,Mayan,Mayan,14,target_child,7326,0,1,1
7326,27928.438,27928.796,c,Target_Child,tzh,Casillas,Tseltal,Mayan,Mayan,14,target_child,7326,0,1,1
7326,27930.451,27932.766,c,Target_Child,tzh,Casillas,Tseltal,Mayan,Mayan,14,target_child,7326,0,1,1
7326,27934.942,27936.163,ch'enan i ch'enan,Mother,tzh,Casillas,Tseltal,Mayan,Mayan,14,caregiver,7326,0,1,5
7326,27936.516,27938.219,n,Target_Child,tzh,Casillas,Tseltal,Mayan,Mayan,14,target_child,7326,0,1,1
7326,27943.876,27944.958,c,Target_Child,tzh,Casillas,Tseltal,Mayan,Mayan,14,target_child,7326,0,1,1
7326,27949.744,27950.234,n,Target_Child,tzh,Casillas,Tseltal,Mayan,Mayan,14,target_child,7326,0,1,1
7326,27950.494,27951.296,n,Target_Child,tzh,Casillas,Tseltal,Mayan,Mayan,14,target_child,7326,0,1,1
7326,27951.976,27952.937,n,Target_Child,tzh,Casillas,Tseltal,Mayan,Mayan,14,target_child,7326,0,1,1
7326,27973.261,27973.842,n,Target_Child,tzh,Casillas,Tseltal,Mayan,Mayan,14,target_child,7326,0,1,1
7326,27974.61,27975.513,n,Target_Child,tzh,Casillas,Tseltal,Mayan,Mayan,14,target_child,7326,0,1,1
7326,27975.671,27976.092,jm,Mother,tzh,Casillas,Tseltal,Mayan,Mayan,14,caregiver,7326,1,1,1
7326,28025.954,28026.422,c,Target_Child,tzh,Casillas,Tseltal,Mayan,Mayan,14,target_child,7326,0,1,1
7326,28046.169,28046.63,n,Target_Child,tzh,Casillas,Tseltal,Mayan,Mayan,14,target_child,7326,0,1,1
7326,28047.344,28048.188,c,Target_Child,tzh,Casillas,Tseltal,Mayan,Mayan,14,target_child,7326,0,1,1
7326,28048.285,28049.034,jm-jm,Mother,tzh,Casillas,Tseltal,Mayan,Mayan,14,caregiver,7326,1,1,2
7326,28049.082,28050.234,c,Target_Child,tzh,Casillas,Tseltal,Mayan,Mayan,14,target_child,7326,0,1,1
7326,28050.267,28050.773,jm,Mother,tzh,Casillas,Tseltal,Mayan,Mayan,14,caregiver,7326,1,1,1
7326,28051.204,28051.86,c,Target_Child,tzh,Casillas,Tseltal,Mayan,Mayan,14,target_child,7326,0,1,1
7326,28052.515,28052.936,c,Target_Child,tzh,Casillas,Tseltal,Mayan,Mayan,14,target_child,7326,0,1,1
7326,28053.984,28054.828,c,Target_Child,tzh,Casillas,Tseltal,Mayan,Mayan,14,target_child,7326,0,1,1
7326,28055.468,28055.86,c,Target_Child,tzh,Casillas,Tseltal,Mayan,Mayan,14,target_child,7326,0,1,1
7326,28055.506,28056.053,sik,Mother,tzh,Casillas,Tseltal,Mayan,Mayan,14,caregiver,7326,1,1,1
7326,28056.672,28057.062,c,Target_Child,tzh,Casillas,Tseltal,Mayan,Mayan,14,target_child,7326,0,1,1
7326,28058.954,28060.75,c,Target_Child,tzh,Casillas,Tseltal,Mayan,Mayan,14,target_child,7326,0,1,1
7326,28061.094,28063.076,c,Target_Child,tzh,Casillas,Tseltal,Mayan,Mayan,14,target_child,7326,0,1,1
7326,28062.937,28063.813,jm chujkil,Mother,tzh,Casillas,Tseltal,Mayan,Mayan,14,caregiver,7326,1,1,2
7326,28064.247,28064.667,c,Target_Child,tzh,Casillas,Tseltal,Mayan,Mayan,14,target_child,7326,0,1,1
7326,28064.949,28065.69,chujkil,Mother,tzh,Casillas,Tseltal,Mayan,Mayan,14,caregiver,7326,1,1,1
7326,28066.479,28067.2,c,Target_Child,tzh,Casillas,Tseltal,Mayan,Mayan,14,target_child,7326,0,1,1
7326,28067.434,28067.973,jm-jm,Mother,tzh,Casillas,Tseltal,Mayan,Mayan,14,caregiver,7326,1,1,2
7326,28068.08,28068.761,n,Target_Child,tzh,Casillas,Tseltal,Mayan,Mayan,14,target_child,7326,0,1,1
7326,28070.922,28071.284,n,Target_Child,tzh,Casillas,Tseltal,Mayan,Mayan,14,target_child,7326,0,1,1
7326,28101.168,28101.909,aa chu'nanme i,Mother,tzh,Casillas,Tseltal,Mayan,Mayan,14,caregiver,7326,0,1,4
7326,28102.725,28103.506,tajinanxan i,Mother,tzh,Casillas,Tseltal,Mayan,Mayan,14,caregiver,7326,0,1,2
7326,28149.209,28149.5,n,Target_Child,tzh,Casillas,Tseltal,Mayan,Mayan,14,target_child,7326,0,1,1
7326,28150.252,28151.534,ban i batajinan xan,Mother,tzh,Casillas,Tseltal,Mayan,Mayan,14,caregiver,7326,1,1,4
7326,28152.212,28154.375,c,Target_Child,tzh,Casillas,Tseltal,Mayan,Mayan,14,target_child,7326,0,1,1
7326,28153.356,28154.538,kale,Mother,tzh,Casillas,Tseltal,Mayan,Mayan,14,caregiver,7326,1,1,1
7326,28154.968,28156.01,ban i batajinan xan,Mother,tzh,Casillas,Tseltal,Mayan,Mayan,14,caregiver,7326,0,1,4
8179,28990.404,28992.17,ma me xatsak tal,Mother,tzh,Casillas,Tseltal,Mayan,Mayan,6,caregiver,8179,0,2,4
8179,28994.529,28995.052,c,Target_Child,tzh,Casillas,Tseltal,Mayan,Mayan,6,target_child,8179,0,2,1
8179,29073.592,29076.245,ma xatabe sit alal,Mother,tzh,Casillas,Tseltal,Mayan,Mayan,6,caregiver,8179,0,2,4
8179,29101.934,29102.577,c,Target_Child,tzh,Casillas,Tseltal,Mayan,Mayan,6,target_child,8179,0,2,1
8179,29103.826,29104.942,n,Target_Child,tzh,Casillas,Tseltal,Mayan,Mayan,6,target_child,8179,0,2,1
8179,29106.713,29108.458,suk'be me lek awil,Mother,tzh,Casillas,Tseltal,Mayan,Mayan,6,caregiver,8179,1,2,5
8179,29108.204,29108.61,c,Target_Child,tzh,Casillas,Tseltal,Mayan,Mayan,6,target_child,8179,0,2,1
8179,29113.935,29114.819,c,Target_Child,tzh,Casillas,Tseltal,Mayan,Mayan,6,target_child,8179,0,2,1
8179,29117.366,29117.616,n,Target_Child,tzh,Casillas,Tseltal,Mayan,Mayan,6,target_child,8179,0,2,1
8179,29119.985,29120.312,c,Target_Child,tzh,Casillas,Tseltal,Mayan,Mayan,6,target_child,8179,0,2,1
8179,29128.648,29128.836,c,Target_Child,tzh,Casillas,Tseltal,Mayan,Mayan,6,target_child,8179,0,2,1
8179,29168.362,29168.884,n,Target_Child,tzh,Casillas,Tseltal,Mayan,Mayan,6,target_child,8179,0,2,1
8179,29206.684,29206.81,c,Target_Child,tzh,Casillas,Tseltal,Mayan,Mayan,6,target_child,8179,0,2,1
8179,29207.512,29208.136,c,Target_Child,tzh,Casillas,Tseltal,Mayan,Mayan,6,target_child,8179,0,2,1
8179,29237.404,29237.656,c,Target_Child,tzh,Casillas,Tseltal,Mayan,Mayan,6,target_child,8179,0,2,1
8179,29239.568,29240.276,c,Target_Child,tzh,Casillas,Tseltal,Mayan,Mayan,6,target_child,8179,0,2,1
8179,29240.498,29240.966,c,Target_Child,tzh,Casillas,Tseltal,Mayan,Mayan,6,target_child,8179,0,2,1
8179,30001.457,30001.716,c,Target_Child,tzh,Casillas,Tseltal,Mayan,Mayan,6,target_child,8179,0,1,1
8179,30003.295,30004.109,c,Target_Child,tzh,Casillas,Tseltal,Mayan,Mayan,6,target_child,8179,0,1,1
8179,30005.862,30005.994,c,Target_Child,tzh,Casillas,Tseltal,Mayan,Mayan,6,target_child,8179,0,1,1
8179,30010.164,30010.594,c,Target_Child,tzh,Casillas,Tseltal,Mayan,Mayan,6,target_child,8179,0,1,1
8179,30017.296,30017.628,c,Target_Child,tzh,Casillas,Tseltal,Mayan,Mayan,6,target_child,8179,0,1,1
8179,30019.384,30019.827,c,Target_Child,tzh,Casillas,Tseltal,Mayan,Mayan,6,target_child,8179,0,1,1
8179,30021.207,30021.726,c,Target_Child,tzh,Casillas,Tseltal,Mayan,Mayan,6,target_child,8179,0,1,1
8179,30023.689,30024.18,c,Target_Child,tzh,Casillas,Tseltal,Mayan,Mayan,6,target_child,8179,0,1,1
8179,30050.332,30050.809,n,Target_Child,tzh,Casillas,Tseltal,Mayan,Mayan,6,target_child,8179,0,1,1
8179,30052.87,30053.337,c,Target_Child,tzh,Casillas,Tseltal,Mayan,Mayan,6,target_child,8179,0,1,1
8179,30069.108,30069.687,n,Target_Child,tzh,Casillas,Tseltal,Mayan,Mayan,6,target_child,8179,0,1,1
8179,30074.987,30075.202,n,Target_Child,tzh,Casillas,Tseltal,Mayan,Mayan,6,target_child,8179,0,1,1
8179,30111.904,30112.354,n,Target_Child,tzh,Casillas,Tseltal,Mayan,Mayan,6,target_child,8179,0,1,1
8179,30114.034,30114.222,n,Target_Child,tzh,Casillas,Tseltal,Mayan,Mayan,6,target_child,8179,0,1,1
8179,30121.144,30121.502,n,Target_Child,tzh,Casillas,Tseltal,Mayan,Mayan,6,target_child,8179,0,1,1
8179,30127.235,30127.915,n,Target_Child,tzh,Casillas,Tseltal,Mayan,Mayan,6,target_child,8179,0,1,1
8179,30130.508,30131.037,c,Target_Child,tzh,Casillas,Tseltal,Mayan,Mayan,6,target_child,8179,0,1,1
8179,30133.411,30134.453,n,Target_Child,tzh,Casillas,Tseltal,Mayan,Mayan,6,target_child,8179,0,1,1
8179,30134.767,30135.72,n,Target_Child,tzh,Casillas,Tseltal,Mayan,Mayan,6,target_child,8179,0,1,1
8179,30136.138,30136.688,n,Target_Child,tzh,Casillas,Tseltal,Mayan,Mayan,6,target_child,8179,0,1,1
8179,30137.122,30137.543,c,Target_Child,tzh,Casillas,Tseltal,Mayan,Mayan,6,target_child,8179,0,1,1
8179,30137.778,30143.224,n,Target_Child,tzh,Casillas,Tseltal,Mayan,Mayan,6,target_child,8179,0,1,1
8179,30156.068,30156.66,chikil,Mother,tzh,Casillas,Tseltal,Mayan,Mayan,6,caregiver,8179,0,1,1
8179,30157.978,30159.325,<ta@s:tso>  bon nix ta lo'bal li' k'u'i,Mother,tzh,Casillas,Tseltal,Mayan,Mayan,6,caregiver,8179,0,1,12
8179,30161.723,30162.973,ay ay ay,Mother,tzh,Casillas,Tseltal,Mayan,Mayan,6,caregiver,8179,0,1,3
8179,30163.337,30164.355,kala buts,Mother,tzh,Casillas,Tseltal,Mayan,Mayan,6,caregiver,8179,0,1,2
8179,30164.374,30164.874,&=kisses,Mother,tzh,Casillas,Tseltal,Mayan,Mayan,6,caregiver,8179,0,1,1
8179,30168.761,30169.074,n,Target_Child,tzh,Casillas,Tseltal,Mayan,Mayan,6,target_child,8179,0,1,1
8179,30170.346,30170.48,n,Target_Child,tzh,Casillas,Tseltal,Mayan,Mayan,6,target_child,8179,0,1,1
8179,30171.668,30172.088,n,Target_Child,tzh,Casillas,Tseltal,Mayan,Mayan,6,target_child,8179,0,1,1
8179,30177.657,30177.846,n,Target_Child,tzh,Casillas,Tseltal,Mayan,Mayan,6,target_child,8179,0,1,1
8179,30208.619,30209.44,xtin,Mother,tzh,Casillas,Tseltal,Mayan,Mayan,6,caregiver,8179,0,1,1
8179,30210.21,30212.21,ma me xalo' mene,Mother,tzh,Casillas,Tseltal,Mayan,Mayan,6,caregiver,8179,0,1,4
8179,30212.609,30214.774,ma xalo' <ta@s:tso>  ts'ustik,Mother,tzh,Casillas,Tseltal,Mayan,Mayan,6,caregiver,8179,0,1,7
8179,30213.664,30213.884,n,Target_Child,tzh,Casillas,Tseltal,Mayan,Mayan,6,target_child,8179,0,1,1
8179,30215.023,30215.726,c,Target_Child,tzh,Casillas,Tseltal,Mayan,Mayan,6,target_child,8179,0,1,1
8179,30216.462,30216.692,n,Target_Child,tzh,Casillas,Tseltal,Mayan,Mayan,6,target_child,8179,0,1,1
8179,30216.873,30218.4,ya xba kalbe tal amam√°,Mother,tzh,Casillas,Tseltal,Mayan,Mayan,6,caregiver,8179,1,1,5
8179,30218.957,30220.492,ya xba jtik' tal ak'alel,Mother,tzh,Casillas,Tseltal,Mayan,Mayan,6,caregiver,8179,0,1,6
8179,30222.429,30223.009,k'eja,Mother,tzh,Casillas,Tseltal,Mayan,Mayan,6,caregiver,8179,0,1,2
8179,30223.859,30225.222,ba ay i smujkili,Mother,tzh,Casillas,Tseltal,Mayan,Mayan,6,caregiver,8179,0,1,4
8179,30228.229,30229.479,"ma xanit, ma xanit",Mother,tzh,Casillas,Tseltal,Mayan,Mayan,6,caregiver,8179,0,1,4
8179,30230.108,30230.768,ju'uk,Mother,tzh,Casillas,Tseltal,Mayan,Mayan,6,caregiver,8179,0,1,2
8179,30231.537,30232.258,kuch,Mother,tzh,Casillas,Tseltal,Mayan,Mayan,6,caregiver,8179,0,1,1
8179,30232.635,30235.734,ya la me <xbat@s:tso>  ta puebla,Mother,tzh,Casillas,Tseltal,Mayan,Mayan,6,caregiver,8179,0,1,8
8179,30236.009,30236.796,ya xjilat,Mother,tzh,Casillas,Tseltal,Mayan,Mayan,6,caregiver,8179,0,1,2
8179,30238.618,30239.74,poxil ya k'ani,Mother,tzh,Casillas,Tseltal,Mayan,Mayan,6,caregiver,8179,0,1,4
8179,30239.74,30240.434,poxil i-,Mother,tzh,Casillas,Tseltal,Mayan,Mayan,6,caregiver,8179,0,1,2
8179,30245.43,30247.312,ya xba kik' tal amam√°,Mother,tzh,Casillas,Tseltal,Mayan,Mayan,6,caregiver,8179,0,1,5
8179,30251.678,30251.92,n,Target_Child,tzh,Casillas,Tseltal,Mayan,Mayan,6,target_child,8179,0,1,1
8179,30253.384,30255.285,"talix, talix amam√°",Mother,tzh,Casillas,Tseltal,Mayan,Mayan,6,caregiver,8179,1,1,3
8179,30255.737,30256.84,"la' me i, la' me i",Mother,tzh,Casillas,Tseltal,Mayan,Mayan,6,caregiver,8179,0,1,6
8179,30258.069,30258.857,ma xak'an,Mother,tzh,Casillas,Tseltal,Mayan,Mayan,6,caregiver,8179,0,1,3
8179,30263.24,30264.118,k'eja mene,Mother,tzh,Casillas,Tseltal,Mayan,Mayan,6,caregiver,8179,0,1,3
8179,30267.633,30269.595,ya xlajat yu'un ya'tik mene,Mother,tzh,Casillas,Tseltal,Mayan,Mayan,6,caregiver,8179,0,1,7
8179,30268.67,30268.954,n,Target_Child,tzh,Casillas,Tseltal,Mayan,Mayan,6,target_child,8179,0,1,1
8179,30269.316,30270.252,n,Target_Child,tzh,Casillas,Tseltal,Mayan,Mayan,6,target_child,8179,0,1,1
8179,30272.08,30274.162,tsaka tal li'i ya kak'betik xpoxili alali,Mother,tzh,Casillas,Tseltal,Mayan,Mayan,6,caregiver,8179,1,1,9
8179,30276.844,30277.52,n,Target_Child,tzh,Casillas,Tseltal,Mayan,Mayan,6,target_child,8179,0,1,1
8179,30278.669,30279.589,ya xjilat,Mother,tzh,Casillas,Tseltal,Mayan,Mayan,6,caregiver,8179,1,1,2
8179,30278.692,30279.519,n,Target_Child,tzh,Casillas,Tseltal,Mayan,Mayan,6,target_child,8179,0,1,1
8179,30279.834,30281.339,<batix@s:tso>  me amam√°,Mother,tzh,Casillas,Tseltal,Mayan,Mayan,6,caregiver,8179,1,1,5
8179,30279.846,30280.428,n,Target_Child,tzh,Casillas,Tseltal,Mayan,Mayan,6,target_child,8179,0,1,1
8179,30288.073,30288.534,n,Target_Child,tzh,Casillas,Tseltal,Mayan,Mayan,6,target_child,8179,0,1,1
8179,30290.361,30292.507,banix me a ts'i,Mother,tzh,Casillas,Tseltal,Mayan,Mayan,6,caregiver,8179,1,1,5
8179,30296.702,30297.452,n,Target_Child,tzh,Casillas,Tseltal,Mayan,Mayan,6,target_child,8179,0,1,1
8179,30299.364,30299.58,n,Target_Child,tzh,Casillas,Tseltal,Mayan,Mayan,6,target_child,8179,0,1,1
8787,29369.978,29371.943,xun &=makesnoise xun,Mother,tzh,Casillas,Tseltal,Mayan,Mayan,11,caregiver,8787,0,2,3
8787,29376.196,29377.294,n,Target_Child,tzh,Casillas,Tseltal,Mayan,Mayan,11,target_child,8787,0,2,1
8787,29381.916,29384.638,c,Target_Child,tzh,Casillas,Tseltal,Mayan,Mayan,11,target_child,8787,0,2,1
8787,29384.684,29385.358,bii xan ek'i ch'omate'i,Mother,tzh,Casillas,Tseltal,Mayan,Mayan,11,caregiver,8787,1,2,7
8787,29386.476,29388.584,n,Target_Child,tzh,Casillas,Tseltal,Mayan,Mayan,11,target_child,8787,0,2,1
8787,29386.498,29388.607,nax la lo' a kili,Mother,tzh,Casillas,Tseltal,Mayan,Mayan,11,caregiver,8787,1,2,5
8787,29407.186,29409.462,&=makessounds,Mother,tzh,Casillas,Tseltal,Mayan,Mayan,11,caregiver,8787,0,2,1
8787,29412.399,29413.008,ja'i ak'akiltik,Mother,tzh,Casillas,Tseltal,Mayan,Mayan,11,caregiver,8787,0,2,4
8787,29414.752,29415.652,ak'atalkiltik,Mother,tzh,Casillas,Tseltal,Mayan,Mayan,11,caregiver,8787,0,2,2
8787,29419.352,29419.494,c,Target_Child,tzh,Casillas,Tseltal,Mayan,Mayan,11,target_child,8787,0,2,1
8787,29420.787,29421.322,n,Target_Child,tzh,Casillas,Tseltal,Mayan,Mayan,11,target_child,8787,0,2,1
8787,29494.935,29495.885,n,Target_Child,tzh,Casillas,Tseltal,Mayan,Mayan,11,target_child,8787,0,2,1
8787,29508.99,29510.39,c,Target_Child,tzh,Casillas,Tseltal,Mayan,Mayan,11,target_child,8787,0,2,1
8787,29509.789,29511.346,bii ya walts'i ya x'enat te a,Mother,tzh,Casillas,Tseltal,Mayan,Mayan,11,caregiver,8787,1,2,9
8787,29514.11,29515.628,c,Target_Child,tzh,Casillas,Tseltal,Mayan,Mayan,11,target_child,8787,0,2,1
8787,29516.558,29516.974,ti,Mother,tzh,Casillas,Tseltal,Mayan,Mayan,11,caregiver,8787,1,2,1
8787,29517.424,29520.844,yu' uton ya kutat mach'a me ya x'utwane &=kisses,Mother,tzh,Casillas,Tseltal,Mayan,Mayan,11,caregiver,8787,0,2,11
8787,29521.008,29523.118,mach'amene a ya,Mother,tzh,Casillas,Tseltal,Mayan,Mayan,11,caregiver,8787,0,2,4
8787,29523.092,29524.172,c,Target_Child,tzh,Casillas,Tseltal,Mayan,Mayan,11,target_child,8787,0,2,1
8787,29541.21,29542.184,c,Target_Child,tzh,Casillas,Tseltal,Mayan,Mayan,11,target_child,8787,0,2,1
8787,29544.51,29545.926,c,Target_Child,tzh,Casillas,Tseltal,Mayan,Mayan,11,target_child,8787,0,2,1
8787,29546.986,29548.343,n,Target_Child,tzh,Casillas,Tseltal,Mayan,Mayan,11,target_child,8787,0,2,1
8787,29550.54,29552.3,c,Target_Child,tzh,Casillas,Tseltal,Mayan,Mayan,11,target_child,8787,0,2,1
8787,29553.842,29554.33,n,Target_Child,tzh,Casillas,Tseltal,Mayan,Mayan,11,target_child,8787,0,2,1
8787,29554.929,29557.089,c,Target_Child,tzh,Casillas,Tseltal,Mayan,Mayan,11,target_child,8787,0,2,1
8787,29557.462,29558.976,c,Target_Child,tzh,Casillas,Tseltal,Mayan,Mayan,11,target_child,8787,0,2,1
8787,29559.647,29560.281,jmm,Mother,tzh,Casillas,Tseltal,Mayan,Mayan,11,caregiver,8787,1,2,1
8787,29561.764,29562.953,c,Target_Child,tzh,Casillas,Tseltal,Mayan,Mayan,11,target_child,8787,0,2,1
8787,29565.6,29568.215,ay bistuk me me a jole,Mother,tzh,Casillas,Tseltal,Mayan,Mayan,11,caregiver,8787,0,2,6
8787,29569.437,29569.62,n,Target_Child,tzh,Casillas,Tseltal,Mayan,Mayan,11,target_child,8787,0,2,1
8787,29571.799,29572.5,bi spas,Mother,tzh,Casillas,Tseltal,Mayan,Mayan,11,caregiver,8787,1,2,2
8787,29596.929,29598.36,c,Target_Child,tzh,Casillas,Tseltal,Mayan,Mayan,11,target_child,8787,0,2,1
8787,29598.909,29600.522,n,Target_Child,tzh,Casillas,Tseltal,Mayan,Mayan,11,target_child,8787,0,2,1
8787,29603.302,29605.786,c,Target_Child,tzh,Casillas,Tseltal,Mayan,Mayan,11,target_child,8787,0,2,1
8787,29623.958,29625.478,c,Target_Child,tzh,Casillas,Tseltal,Mayan,Mayan,11,target_child,8787,0,2,1
8787,29626.252,29628.064,c,Target_Child,tzh,Casillas,Tseltal,Mayan,Mayan,11,target_child,8787,0,2,1
8787,29629.39,29629.594,c,Target_Child,tzh,Casillas,Tseltal,Mayan,Mayan,11,target_child,8787,0,2,1
8787,29639.396,29639.98,n,Target_Child,tzh,Casillas,Tseltal,Mayan,Mayan,11,target_child,8787,0,2,1
8787,29664.553,29664.81,n,Target_Child,tzh,Casillas,Tseltal,Mayan,Mayan,11,target_child,8787,0,2,1
643,11185.362,11185.545,xit,Mother,tzh,Casillas,Tseltal,Mayan,Mayan,2,caregiver,643,0,1,1
643,11187.494,11187.753,xit,Mother,tzh,Casillas,Tseltal,Mayan,Mayan,2,caregiver,643,0,1,1
643,11189.583,11189.85,n,Target_Child,tzh,Casillas,Tseltal,Mayan,Mayan,2,target_child,643,0,1,1
643,11190.401,11190.805,n,Target_Child,tzh,Casillas,Tseltal,Mayan,Mayan,2,target_child,643,0,1,1
643,11190.635,11190.814,xit,Mother,tzh,Casillas,Tseltal,Mayan,Mayan,2,caregiver,643,1,1,1
643,11191.637,11192.01,n,Target_Child,tzh,Casillas,Tseltal,Mayan,Mayan,2,target_child,643,0,1,1
643,11192.027,11195.04,xit xit xit xit xit xit xit xit xit xit xit,Mother,tzh,Casillas,Tseltal,Mayan,Mayan,2,caregiver,643,1,1,11
643,11196.259,11201.121,xxxxx x,Mother,tzh,Casillas,Tseltal,Mayan,Mayan,2,caregiver,643,0,1,2
643,11197.3,11197.443,n,Target_Child,tzh,Casillas,Tseltal,Mayan,Mayan,2,target_child,643,0,1,1
643,11198.59,11199.267,n,Target_Child,tzh,Casillas,Tseltal,Mayan,Mayan,2,target_child,643,0,1,1
643,11200.463,11201.531,c,Target_Child,tzh,Casillas,Tseltal,Mayan,Mayan,2,target_child,643,0,1,1
643,11202.573,11205.813,xxxxx,Mother,tzh,Casillas,Tseltal,Mayan,Mayan,2,caregiver,643,1,1,1
643,11202.788,11203.358,n,Target_Child,tzh,Casillas,Tseltal,Mayan,Mayan,2,target_child,643,0,1,1
643,11205.638,11207.232,n,Target_Child,tzh,Casillas,Tseltal,Mayan,Mayan,2,target_child,643,0,1,1
643,11207.782,11209.129,n,Target_Child,tzh,Casillas,Tseltal,Mayan,Mayan,2,target_child,643,0,1,1
643,11211.704,11211.863,n,Target_Child,tzh,Casillas,Tseltal,Mayan,Mayan,2,target_child,643,0,1,1
643,11213.298,11213.525,xit,Mother,tzh,Casillas,Tseltal,Mayan,Mayan,2,caregiver,643,1,1,1
643,11214.913,11215.151,xit,Mother,tzh,Casillas,Tseltal,Mayan,Mayan,2,caregiver,643,0,1,1
643,11216.822,11217.021,xit,Mother,tzh,Casillas,Tseltal,Mayan,Mayan,2,caregiver,643,0,1,1
643,11217.655,11217.91,xit,Mother,tzh,Casillas,Tseltal,Mayan,Mayan,2,caregiver,643,0,1,1
643,11218.445,11218.608,xit,Mother,tzh,Casillas,Tseltal,Mayan,Mayan,2,caregiver,643,0,1,1
643,11218.609,11219.036,n,Target_Child,tzh,Casillas,Tseltal,Mayan,Mayan,2,target_child,643,0,1,1
643,11220.344,11221.419,xit xit xit xit,Mother,tzh,Casillas,Tseltal,Mayan,Mayan,2,caregiver,643,1,1,4
643,11222.104,11222.831,n,Target_Child,tzh,Casillas,Tseltal,Mayan,Mayan,2,target_child,643,0,1,1
643,11223.659,11224.39,xit xit xit,Mother,tzh,Casillas,Tseltal,Mayan,Mayan,2,caregiver,643,1,1,3
643,11223.987,11225.695,n,Target_Child,tzh,Casillas,Tseltal,Mayan,Mayan,2,target_child,643,0,1,1
643,11226.305,11226.542,xit,Mother,tzh,Casillas,Tseltal,Mayan,Mayan,2,caregiver,643,1,1,1
643,11226.922,11227.352,n,Target_Child,tzh,Casillas,Tseltal,Mayan,Mayan,2,target_child,643,0,1,1
643,11226.953,11227.191,xit,Mother,tzh,Casillas,Tseltal,Mayan,Mayan,2,caregiver,643,1,1,1
643,11227.879,11228.798,n,Target_Child,tzh,Casillas,Tseltal,Mayan,Mayan,2,target_child,643,0,1,1
643,11229.417,11231.116,n,Target_Child,tzh,Casillas,Tseltal,Mayan,Mayan,2,target_child,643,0,1,1
643,11231.58,11232.212,n,Target_Child,tzh,Casillas,Tseltal,Mayan,Mayan,2,target_child,643,0,1,1
643,11234.928,11235.182,xit,Mother,tzh,Casillas,Tseltal,Mayan,Mayan,2,caregiver,643,0,1,1
643,11238.441,11238.778,xit,Mother,tzh,Casillas,Tseltal,Mayan,Mayan,2,caregiver,643,0,1,1
643,11238.58,11239.401,n,Target_Child,tzh,Casillas,Tseltal,Mayan,Mayan,2,target_child,643,0,1,1
643,11242.121,11242.505,n,Target_Child,tzh,Casillas,Tseltal,Mayan,Mayan,2,target_child,643,0,1,1
643,11242.788,11243.238,n,Target_Child,tzh,Casillas,Tseltal,Mayan,Mayan,2,target_child,643,0,1,1
643,11251.451,11251.687,xit,Mother,tzh,Casillas,Tseltal,Mayan,Mayan,2,caregiver,643,0,1,1
643,11252.127,11252.511,n,Target_Child,tzh,Casillas,Tseltal,Mayan,Mayan,2,target_child,643,0,1,1
643,11254.729,11255.088,xit,Mother,tzh,Casillas,Tseltal,Mayan,Mayan,2,caregiver,643,1,1,1
643,11257.396,11258.522,xit,Mother,tzh,Casillas,Tseltal,Mayan,Mayan,2,caregiver,643,0,1,1
643,11262.078,11262.232,xit,Mother,tzh,Casillas,Tseltal,Mayan,Mayan,2,caregiver,643,0,1,1
643,11265.718,11265.957,xit,Mother,tzh,Casillas,Tseltal,Mayan,Mayan,2,caregiver,643,0,1,1
643,11269.765,11269.891,xit,Mother,tzh,Casillas,Tseltal,Mayan,Mayan,2,caregiver,643,0,1,1
643,11272.543,11272.727,xit,Mother,tzh,Casillas,Tseltal,Mayan,Mayan,2,caregiver,643,0,1,1
643,11274.196,11274.811,tsak tsak tsak tsak,Mother,tzh,Casillas,Tseltal,Mayan,Mayan,2,caregiver,643,0,1,4
643,11276.259,11276.87,k'opojanme i,Mother,tzh,Casillas,Tseltal,Mayan,Mayan,2,caregiver,643,0,1,3
643,11278.211,11279.081,k'opojanme,Mother,tzh,Casillas,Tseltal,Mayan,Mayan,2,caregiver,643,0,1,2
643,11280.553,11281.555,a'yananme,Mother,tzh,Casillas,Tseltal,Mayan,Mayan,2,caregiver,643,0,1,2
643,11283.035,11283.52,papito,Mother,tzh,Casillas,Tseltal,Mayan,Mayan,2,caregiver,643,0,1,1
643,11288.834,11290.778,a'yananme i,Mother,tzh,Casillas,Tseltal,Mayan,Mayan,2,caregiver,643,0,1,3
643,11291.655,11293.667,a'yananme i,Mother,tzh,Casillas,Tseltal,Mayan,Mayan,2,caregiver,643,0,1,3
643,11295.51,11297.961,a'yananme i,Mother,tzh,Casillas,Tseltal,Mayan,Mayan,2,caregiver,643,0,1,3
643,11298.798,11299.906,n,Target_Child,tzh,Casillas,Tseltal,Mayan,Mayan,2,target_child,643,0,1,1
643,11300.285,11302.361,tsak tsak tsak tsak tsak tsak,Mother,tzh,Casillas,Tseltal,Mayan,Mayan,2,caregiver,643,1,1,6
643,11301.29,11301.899,n,Target_Child,tzh,Casillas,Tseltal,Mayan,Mayan,2,target_child,643,0,1,1
643,11302.984,11303.495,n,Target_Child,tzh,Casillas,Tseltal,Mayan,Mayan,2,target_child,643,0,1,1
643,11304.019,11304.726,n,Target_Child,tzh,Casillas,Tseltal,Mayan,Mayan,2,target_child,643,0,1,1
643,11304.991,11308.381,tsak tsak tsak tsak tsak tsak,Mother,tzh,Casillas,Tseltal,Mayan,Mayan,2,caregiver,643,1,1,6
643,11308.629,11309.609,n,Target_Child,tzh,Casillas,Tseltal,Mayan,Mayan,2,target_child,643,0,1,1
643,11308.723,11310.402,tsak tsak tsak tsak tsak,Mother,tzh,Casillas,Tseltal,Mayan,Mayan,2,caregiver,643,1,1,5
643,11310.684,11311.342,n,Target_Child,tzh,Casillas,Tseltal,Mayan,Mayan,2,target_child,643,0,1,1
643,11311.723,11312.715,tsak tsak tsak tsak tsak,Mother,tzh,Casillas,Tseltal,Mayan,Mayan,2,caregiver,643,1,1,5
643,11312.29,11312.687,n,Target_Child,tzh,Casillas,Tseltal,Mayan,Mayan,2,target_child,643,0,1,1
643,11316.463,11316.966,n,Target_Child,tzh,Casillas,Tseltal,Mayan,Mayan,2,target_child,643,0,1,1
643,11316.738,11317.404,tsak tsak tsak tsak,Mother,tzh,Casillas,Tseltal,Mayan,Mayan,2,caregiver,643,1,1,4
643,11317.505,11318.903,n,Target_Child,tzh,Casillas,Tseltal,Mayan,Mayan,2,target_child,643,0,1,1
643,11319.121,11319.973,c,Target_Child,tzh,Casillas,Tseltal,Mayan,Mayan,2,target_child,643,0,1,1
643,11320.651,11321.257,n,Target_Child,tzh,Casillas,Tseltal,Mayan,Mayan,2,target_child,643,0,1,1
643,11323.053,11323.288,xit,Mother,tzh,Casillas,Tseltal,Mayan,Mayan,2,caregiver,643,1,1,1
643,11326.288,11326.72,<ju sit>,Mother,tzh,Casillas,Tseltal,Mayan,Mayan,2,caregiver,643,0,1,2
643,11328.819,11329.591,<ju sit sit sit>,Mother,tzh,Casillas,Tseltal,Mayan,Mayan,2,caregiver,643,0,1,4
643,11331.101,11331.249,xit,Mother,tzh,Casillas,Tseltal,Mayan,Mayan,2,caregiver,643,0,1,1
643,11331.967,11332.124,n,Target_Child,tzh,Casillas,Tseltal,Mayan,Mayan,2,target_child,643,0,1,1
643,11332.453,11333.283,n,Target_Child,tzh,Casillas,Tseltal,Mayan,Mayan,2,target_child,643,0,1,1
643,11332.606,11332.824,xit,Mother,tzh,Casillas,Tseltal,Mayan,Mayan,2,caregiver,643,1,1,1
643,11334.828,11335.576,xit,Mother,tzh,Casillas,Tseltal,Mayan,Mayan,2,caregiver,643,0,1,1
643,11338.023,11338.71,<ju sit sit sit>,Mother,tzh,Casillas,Tseltal,Mayan,Mayan,2,caregiver,643,0,1,4
643,11341.053,11341.902,<ju sit sit sit sit>,Mother,tzh,Casillas,Tseltal,Mayan,Mayan,2,caregiver,643,0,1,5
643,11344.468,11345.416,<ju sit sit sit sit>,Mother,tzh,Casillas,Tseltal,Mayan,Mayan,2,caregiver,643,0,1,5
643,11352.094,11352.186,n,Target_Child,tzh,Casillas,Tseltal,Mayan,Mayan,2,target_child,643,0,1,1
643,11352.818,11352.993,n,Target_Child,tzh,Casillas,Tseltal,Mayan,Mayan,2,target_child,643,0,1,1
643,11353.935,11354.388,n,Target_Child,tzh,Casillas,Tseltal,Mayan,Mayan,2,target_child,643,0,1,1
643,11356.453,11356.528,n,Target_Child,tzh,Casillas,Tseltal,Mayan,Mayan,2,target_child,643,0,1,1
643,11361.283,11361.417,n,Target_Child,tzh,Casillas,Tseltal,Mayan,Mayan,2,target_child,643,0,1,1
643,11362.314,11362.459,n,Target_Child,tzh,Casillas,Tseltal,Mayan,Mayan,2,target_child,643,0,1,1
643,11364.162,11364.583,jm-mm,Mother,tzh,Casillas,Tseltal,Mayan,Mayan,2,caregiver,643,1,1,2
643,11365.596,11366.228,jm,Mother,tzh,Casillas,Tseltal,Mayan,Mayan,2,caregiver,643,0,1,1
643,11370.694,11370.824,n,Target_Child,tzh,Casillas,Tseltal,Mayan,Mayan,2,target_child,643,0,1,1
643,11371.335,11372.681,n,Target_Child,tzh,Casillas,Tseltal,Mayan,Mayan,2,target_child,643,0,1,1
643,11380.436,11380.735,jm,Mother,tzh,Casillas,Tseltal,Mayan,Mayan,2,caregiver,643,0,1,1
643,11389.795,11390.349,n,Target_Child,tzh,Casillas,Tseltal,Mayan,Mayan,2,target_child,643,0,1,1
643,11390.837,11391.401,xit,Mother,tzh,Casillas,Tseltal,Mayan,Mayan,2,caregiver,643,1,1,1
643,11392.393,11392.9,xit,Mother,tzh,Casillas,Tseltal,Mayan,Mayan,2,caregiver,643,0,1,1
643,11395.831,11395.977,n,Target_Child,tzh,Casillas,Tseltal,Mayan,Mayan,2,target_child,643,0,1,1
643,11395.987,11397.225,mm stao ajch'al,Mother,tzh,Casillas,Tseltal,Mayan,Mayan,2,caregiver,643,1,1,4
643,11397.629,11398.79,ile ajch'al i,Mother,tzh,Casillas,Tseltal,Mayan,Mayan,2,caregiver,643,0,1,4
643,11398.945,11399.939,n,Target_Child,tzh,Casillas,Tseltal,Mayan,Mayan,2,target_child,643,0,1,1
643,11400.511,11401.72,n,Target_Child,tzh,Casillas,Tseltal,Mayan,Mayan,2,target_child,643,0,1,1
643,11402.131,11403.831,ijk'a sok yajch'alel ya lo',Mother,tzh,Casillas,Tseltal,Mayan,Mayan,2,caregiver,643,1,1,7
643,11404.142,11404.981,ile k'abi,Mother,tzh,Casillas,Tseltal,Mayan,Mayan,2,caregiver,643,0,1,3
643,11410.87,11411.56,jm lo'a i,Mother,tzh,Casillas,Tseltal,Mayan,Mayan,2,caregiver,643,0,1,4
643,11411.732,11412.701,ban naklaeine,Mother,tzh,Casillas,Tseltal,Mayan,Mayan,2,caregiver,643,0,1,2
643,11424.863,11425.499,xit,Mother,tzh,Casillas,Tseltal,Mayan,Mayan,2,caregiver,643,0,1,1
643,11430.893,11432.365,xit xit xit xit xit,Mother,tzh,Casillas,Tseltal,Mayan,Mayan,2,caregiver,643,0,1,5
643,11433.357,11435.07,xit xit xit,Mother,tzh,Casillas,Tseltal,Mayan,Mayan,2,caregiver,643,0,1,3
643,11436.508,11437.268,xit xit xit,Mother,tzh,Casillas,Tseltal,Mayan,Mayan,2,caregiver,643,0,1,3
643,11437.73,11439.021,xit xit xit,Mother,tzh,Casillas,Tseltal,Mayan,Mayan,2,caregiver,643,0,1,3
643,11446.776,11446.993,n,Target_Child,tzh,Casillas,Tseltal,Mayan,Mayan,2,target_child,643,0,1,1
643,11450.262,11451.442,snet'ojatini,Mother,tzh,Casillas,Tseltal,Mayan,Mayan,2,caregiver,643,0,1,2
643,11452.419,11453.245,snet'ojat,Mother,tzh,Casillas,Tseltal,Mayan,Mayan,2,caregiver,643,0,1,2
643,11452.567,11453.759,n,Target_Child,tzh,Casillas,Tseltal,Mayan,Mayan,2,target_child,643,0,1,1
643,11453.565,11454.464,snet'o,Mother,tzh,Casillas,Tseltal,Mayan,Mayan,2,caregiver,643,1,1,2
643,11455.381,11456.388,n,Target_Child,tzh,Casillas,Tseltal,Mayan,Mayan,2,target_child,643,0,1,1
643,11456.036,11457.721,snet'ojat,Mother,tzh,Casillas,Tseltal,Mayan,Mayan,2,caregiver,643,1,1,2
643,11460.013,11460.782,kala pap,Mother,tzh,Casillas,Tseltal,Mayan,Mayan,2,caregiver,643,0,1,2
643,11461.264,11462.352,n,Target_Child,tzh,Casillas,Tseltal,Mayan,Mayan,2,target_child,643,0,1,1
643,11461.914,11462.824,ay,Mother,tzh,Casillas,Tseltal,Mayan,Mayan,2,caregiver,643,1,1,1
643,11463.153,11464.413,ay,Mother,tzh,Casillas,Tseltal,Mayan,Mayan,2,caregiver,643,0,1,1
643,11463.176,11463.82,n,Target_Child,tzh,Casillas,Tseltal,Mayan,Mayan,2,target_child,643,0,1,1
643,11465.634,11466.674,<mm>,Mother,tzh,Casillas,Tseltal,Mayan,Mayan,2,caregiver,643,1,1,1
643,11465.945,11466.301,n,Target_Child,tzh,Casillas,Tseltal,Mayan,Mayan,2,target_child,643,0,1,1
643,11467.47,11468.9,ay,Mother,tzh,Casillas,Tseltal,Mayan,Mayan,2,caregiver,643,1,1,1
643,11469.246,11470.361,ay,Mother,tzh,Casillas,Tseltal,Mayan,Mayan,2,caregiver,643,0,1,1
643,11470.716,11471.199,n,Target_Child,tzh,Casillas,Tseltal,Mayan,Mayan,2,target_child,643,0,1,1
643,11471.424,11473.03,ay,Mother,tzh,Casillas,Tseltal,Mayan,Mayan,2,caregiver,643,1,1,1
643,11472.993,11473.505,n,Target_Child,tzh,Casillas,Tseltal,Mayan,Mayan,2,target_child,643,0,1,1
643,11474.978,11476.669,ay,Mother,tzh,Casillas,Tseltal,Mayan,Mayan,2,caregiver,643,1,1,1
643,11479.144,11479.378,xit,Mother,tzh,Casillas,Tseltal,Mayan,Mayan,2,caregiver,643,0,1,1
643,11479.537,11479.966,n,Target_Child,tzh,Casillas,Tseltal,Mayan,Mayan,2,target_child,643,0,1,1
643,11481.61,11482.456,ju sit,Mother,tzh,Casillas,Tseltal,Mayan,Mayan,2,caregiver,643,1,1,2
643,14943,14943.687,bistuk i,Mother,tzh,Casillas,Tseltal,Mayan,Mayan,2,caregiver,643,0,2,2
643,14945.62,14948.325,muk'a i ja' ya xchik'iai poxili,Mother,tzh,Casillas,Tseltal,Mayan,Mayan,2,caregiver,643,0,2,8
643,14953.568,14954.571,ba baj'tiki as,Mother,tzh,Casillas,Tseltal,Mayan,Mayan,2,caregiver,643,0,2,4
7176,31852.572,31852.78,n,Target_Child,tzh,Casillas,Tseltal,Mayan,Mayan,4,target_child,7176,0,1,1
7176,31907.958,31908.268,n,Target_Child,tzh,Casillas,Tseltal,Mayan,Mayan,4,target_child,7176,0,1,1
7176,31910.786,31911.906,n,Target_Child,tzh,Casillas,Tseltal,Mayan,Mayan,4,target_child,7176,0,1,1
7176,31932.914,31933.476,mm jmm,Mother,tzh,Casillas,Tseltal,Mayan,Mayan,4,caregiver,7176,0,1,2
7176,31964.461,31965.084,n,Target_Child,tzh,Casillas,Tseltal,Mayan,Mayan,4,target_child,7176,0,1,1
7176,31978.11,31978.561,n,Target_Child,tzh,Casillas,Tseltal,Mayan,Mayan,4,target_child,7176,0,1,1
7176,32028.395,32029.296,we'an kalame',Mother,tzh,Casillas,Tseltal,Mayan,Mayan,4,caregiver,7176,0,1,3
7176,32031.988,32032.895,bai ya ta i,Mother,tzh,Casillas,Tseltal,Mayan,Mayan,4,caregiver,7176,0,1,4
7176,32034.436,32036.25,lajiname we'el i mame' xla ya'tik,Mother,tzh,Casillas,Tseltal,Mayan,Mayan,4,caregiver,7176,0,1,8
7176,32071.855,32073.264,komon ku'uik kalame,Mother,tzh,Casillas,Tseltal,Mayan,Mayan,4,caregiver,7176,0,1,4
7176,32076.339,32077.487,komon,Mother,tzh,Casillas,Tseltal,Mayan,Mayan,4,caregiver,7176,0,1,1
7176,32078.38,32079.061,n,Target_Child,tzh,Casillas,Tseltal,Mayan,Mayan,4,target_child,7176,0,1,1
7176,32087.98,32088.464,n,Target_Child,tzh,Casillas,Tseltal,Mayan,Mayan,4,target_child,7176,0,1,1
7176,32099.325,32101.513,komon ku'uik xi akolal lok'anix bel a,Mother,tzh,Casillas,Tseltal,Mayan,Mayan,4,caregiver,7176,0,1,9
7176,32108.535,32112.28,mame' ayuk xa' tibe skamara ku'uik,Mother,tzh,Casillas,Tseltal,Mayan,Mayan,4,caregiver,7176,0,1,7
7176,32117.319,32118.864,bistuk,Mother,tzh,Casillas,Tseltal,Mayan,Mayan,4,caregiver,7176,0,1,1
7176,32119.647,32119.824,n,Target_Child,tzh,Casillas,Tseltal,Mayan,Mayan,4,target_child,7176,0,1,1
7176,32120.633,32121.11,n,Target_Child,tzh,Casillas,Tseltal,Mayan,Mayan,4,target_child,7176,0,1,1
7176,32121.354,32121.58,n,Target_Child,tzh,Casillas,Tseltal,Mayan,Mayan,4,target_child,7176,0,1,1
7176,32123.446,32124.666,aa ch'enanme,Mother,tzh,Casillas,Tseltal,Mayan,Mayan,4,caregiver,7176,1,1,3
7176,32123.843,32124.991,n,Target_Child,tzh,Casillas,Tseltal,Mayan,Mayan,4,target_child,7176,0,1,1
7176,32129.646,32129.89,n,Target_Child,tzh,Casillas,Tseltal,Mayan,Mayan,4,target_child,7176,0,1,1
7176,32133.825,32134.024,n,Target_Child,tzh,Casillas,Tseltal,Mayan,Mayan,4,target_child,7176,0,1,1
7176,32140.424,32140.89,n,Target_Child,tzh,Casillas,Tseltal,Mayan,Mayan,4,target_child,7176,0,1,1
7176,32144.112,32144.38,n,Target_Child,tzh,Casillas,Tseltal,Mayan,Mayan,4,target_child,7176,0,1,1
7220,2022.948,2024.051,c,Target_Child,tzh,Casillas,Tseltal,Mayan,Mayan,22,target_child,7220,0,2,1
7220,2047.22,2048.029,n,Target_Child,tzh,Casillas,Tseltal,Mayan,Mayan,22,target_child,7220,0,2,1
7220,2054.484,2060.563,c,Target_Child,tzh,Casillas,Tseltal,Mayan,Mayan,22,target_child,7220,0,2,1
7220,2060.885,2062.155,c,Target_Child,tzh,Casillas,Tseltal,Mayan,Mayan,22,target_child,7220,0,2,1
7220,2062.545,2063.74,c,Target_Child,tzh,Casillas,Tseltal,Mayan,Mayan,22,target_child,7220,0,2,1
7220,2064.523,2066.26,c,Target_Child,tzh,Casillas,Tseltal,Mayan,Mayan,22,target_child,7220,0,2,1
7220,2066.665,2067.774,c,Target_Child,tzh,Casillas,Tseltal,Mayan,Mayan,22,target_child,7220,0,2,1
7220,2069.745,2070.297,c,Target_Child,tzh,Casillas,Tseltal,Mayan,Mayan,22,target_child,7220,0,2,1
7220,2071.971,2074.232,c,Target_Child,tzh,Casillas,Tseltal,Mayan,Mayan,22,target_child,7220,0,2,1
7220,2078.135,2079.492,c,Target_Child,tzh,Casillas,Tseltal,Mayan,Mayan,22,target_child,7220,0,2,1
7220,2107.291,2108.249,n,Target_Child,tzh,Casillas,Tseltal,Mayan,Mayan,22,target_child,7220,0,2,1
7220,2110.398,2112.836,n,Target_Child,tzh,Casillas,Tseltal,Mayan,Mayan,22,target_child,7220,0,2,1
7220,2162.012,2164.376,c,Target_Child,tzh,Casillas,Tseltal,Mayan,Mayan,22,target_child,7220,0,2,1
7220,2202.232,2202.749,n,Target_Child,tzh,Casillas,Tseltal,Mayan,Mayan,22,target_child,7220,0,2,1
7220,2204.818,2205.018,n,Target_Child,tzh,Casillas,Tseltal,Mayan,Mayan,22,target_child,7220,0,2,1
7220,2205.528,2211.903,n,Target_Child,tzh,Casillas,Tseltal,Mayan,Mayan,22,target_child,7220,0,2,1
7220,2212.782,2214.521,n,Target_Child,tzh,Casillas,Tseltal,Mayan,Mayan,22,target_child,7220,0,2,1
7220,2215.846,2221.019,n,Target_Child,tzh,Casillas,Tseltal,Mayan,Mayan,22,target_child,7220,0,2,1
7220,2259.413,2261.32,ba tsaka pelota kalame' jujup'ej awunik,Mother,tzh,Casillas,Tseltal,Mayan,Mayan,22,caregiver,7220,0,2,7
7220,2262.043,2264.683,te enuk ai mene ja' ts'i xkucho eki <jmatek>,Mother,tzh,Casillas,Tseltal,Mayan,Mayan,22,caregiver,7220,0,2,10
7220,2265.122,2266.864,ja' ts'i xkuchoj ek i <matek>,Mother,tzh,Casillas,Tseltal,Mayan,Mayan,22,caregiver,7220,0,2,7
7220,2266.415,2267.328,n,Target_Child,tzh,Casillas,Tseltal,Mayan,Mayan,22,target_child,7220,0,2,1
7220,2269.346,2272.964,tajinan am-,Mother,tzh,Casillas,Tseltal,Mayan,Mayan,22,caregiver,7220,1,2,2
7220,2269.758,2270.343,n,Target_Child,tzh,Casillas,Tseltal,Mayan,Mayan,22,target_child,7220,0,2,1
7220,2270.643,2275.373,n,Target_Child,tzh,Casillas,Tseltal,Mayan,Mayan,22,target_child,7220,0,2,1
7220,2275.714,2276.275,ma x'ok'at i,Mother,tzh,Casillas,Tseltal,Mayan,Mayan,22,caregiver,7220,0,2,5
7220,2280.699,2283.335,c,Target_Child,tzh,Casillas,Tseltal,Mayan,Mayan,22,target_child,7220,0,2,1
7220,2282.807,2284.806,ja' ini ba tsakatal ma ba stsak,Mother,tzh,Casillas,Tseltal,Mayan,Mayan,22,caregiver,7220,1,2,7
7220,2286.083,2287.971,ila sne awixtabi,Mother,tzh,Casillas,Tseltal,Mayan,Mayan,22,caregiver,7220,0,2,3
7220,2289.376,2290.825,aye xk'opo te maxe,Mother,tzh,Casillas,Tseltal,Mayan,Mayan,22,caregiver,7220,0,2,5
7220,2291.344,2292.288,ba ila awil,Mother,tzh,Casillas,Tseltal,Mayan,Mayan,22,caregiver,7220,0,2,3
7220,2293.486,2294.521,ba tsaka tal sok <mate>,Mother,tzh,Casillas,Tseltal,Mayan,Mayan,22,caregiver,7220,0,2,5
7220,2297.561,2300.306,li' la xawak'be ini ya yixla stukelik,Mother,tzh,Casillas,Tseltal,Mayan,Mayan,22,caregiver,7220,0,2,8
7220,2305.38,2306.78,n,Target_Child,tzh,Casillas,Tseltal,Mayan,Mayan,22,target_child,7220,0,2,1
7220,2307.429,2310.679,n,Target_Child,tzh,Casillas,Tseltal,Mayan,Mayan,22,target_child,7220,0,2,1
7220,18708.644,18709.144,n,Target_Child,tzh,Casillas,Tseltal,Mayan,Mayan,22,target_child,7220,0,1,1
7220,18710.952,18713.313,n,Target_Child,tzh,Casillas,Tseltal,Mayan,Mayan,22,target_child,7220,0,1,1
7220,18855.041,18855.464,n,Target_Child,tzh,Casillas,Tseltal,Mayan,Mayan,22,target_child,7220,0,1,1
